{
  "type": "FeatureCollection",
  "features": [
    {
      "type": "Feature",
      "geometry": {
        "type": "LineString",
        "coordinates": [
          [
            -4.2875005,
            55.8683128
          ],
          [
            -4.2874638,
            55.8683782
          ],
          [
            -4.2869827,
            55.8690326
          ],
          [
            -4.2865487,
            55.869661
          ],
          [
            -4.2865011,
            55.8697299
          ],
          [
            -4.2863187,
            55.8699993
          ]
        ]
      },
      "properties": {
        "segment_id": "s001",
        "from": "n1",
        "to": "n2",
        "length_m": 202,
        "highway": "pedestrian",
        "osm_hint": "surface=asphalt; lit=yes"
      }
    },
    {
      "type": "Feature",
      "geometry": {
        "type": "LineString",
        "coordinates": [
          [
            -4.2892466,
            55.8720517
          ],
          [
            -4.2892188,
            55.8721131
          ]
        ]
      },
      "properties": {
        "segment_id": "s002",
        "from": "n3",
        "to": "n4",
        "length_m": 7,
        "highway": "service",
        "osm_hint": "surface=asphalt"
      }
    },
    {
      "type": "Feature",
      "geometry": {
        "type": "LineString",
        "coordinates": [
          [
            -4.2916901,
            55.8735016
          ],
          [
            -4.2918119,
            55.8735898
          ]
        ]
      },
      "properties": {
        "segment_id": "s003",
        "from": "n5",
        "to": "n6",
        "length_m": 12,
        "highway": "pedestrian",
        "osm_hint": "surface=paving_stones; lit=yes"
      }
    },
    {
      "type": "Feature",
      "geometry": {
        "type": "LineString",
        "coordinates": [
          [
            -4.2918119,
            55.8735898
          ],
          [
            -4.2923207,
            55.8739597
          ]
        ]
      },
      "properties": {
        "segment_id": "s004",
        "from": "n6",
        "to": "n7",
        "length_m": 52,
        "highway": "pedestrian",
        "osm_hint": "surface=paving_stones; lit=yes"
      }
    },
    {
      "type": "Feature",
      "geometry": {
        "type": "LineString",
        "coordinates": [
          [
            -4.2923207,
            55.8739597
          ],
          [
            -4.2923569,
            55.8739847
          ]
        ]
      },
      "properties": {
        "segment_id": "s005",
        "from": "n7",
        "to": "n8",
        "length_m": 4,
        "highway": "pedestrian",
        "osm_hint": "surface=paving_stones; lit=yes"
      }
    },
    {
      "type": "Feature",
      "geometry": {
        "type": "LineString",
        "coordinates": [
          [
            -4.2865251,
            55.8699994
          ],
          [
            -4.286568,
            55.8700386
          ],
          [
            -4.2865922,
            55.8700717
          ],
          [
            -4.2865989,
            55.8701176
          ],
          [
            -4.2865868,
            55.8702997
          ]
        ]
      },
      "properties": {
        "segment_id": "s006",
        "from": "n9",
        "to": "n10",
        "length_m": 34,
        "highway": "steps",
        "osm_hint": "surface=asphalt; incline=up; wheelchair=no; tactile_paving=no; handrail=no; step_count=19; lit=no; ramp=no"
      }
    },
    {
      "type": "Feature",
      "geometry": {
        "type": "LineString",
        "coordinates": [
          [
            -4.2922585,
            55.8711864
          ],
          [
            -4.2918505,
            55.8712039
          ]
        ]
      },
      "properties": {
        "segment_id": "s007",
        "from": "n11",
        "to": "n12",
        "length_m": 26,
        "highway": "service",
        "osm_hint": "surface=asphalt; lit=yes"
      }
    },
    {
      "type": "Feature",
      "geometry": {
        "type": "LineString",
        "coordinates": [
          [
            -4.2918505,
            55.8712039
          ],
          [
            -4.2915712,
            55.8712221
          ],
          [
            -4.2913175,
            55.8712103
          ]
        ]
      },
      "properties": {
        "segment_id": "s008",
        "from": "n12",
        "to": "n13",
        "length_m": 33,
        "highway": "service",
        "osm_hint": "surface=asphalt; lit=yes"
      }
    },
    {
      "type": "Feature",
      "geometry": {
        "type": "LineString",
        "coordinates": [
          [
            -4.2913175,
            55.8712103
          ],
          [
            -4.2910646,
            55.8711985
          ],
          [
            -4.2910286,
            55.8711944
          ]
        ]
      },
      "properties": {
        "segment_id": "s009",
        "from": "n13",
        "to": "n14",
        "length_m": 18,
        "highway": "service",
        "osm_hint": "surface=asphalt; lit=yes"
      }
    },
    {
      "type": "Feature",
      "geometry": {
        "type": "LineString",
        "coordinates": [
          [
            -4.2910286,
            55.8711944
          ],
          [
            -4.290756,
            55.8711645
          ]
        ]
      },
      "properties": {
        "segment_id": "s010",
        "from": "n14",
        "to": "n15",
        "length_m": 17,
        "highway": "service",
        "osm_hint": "surface=asphalt; lit=yes"
      }
    },
    {
      "type": "Feature",
      "geometry": {
        "type": "LineString",
        "coordinates": [
          [
            -4.290756,
            55.8711645
          ],
          [
            -4.2906651,
            55.8711546
          ]
        ]
      },
      "properties": {
        "segment_id": "s011",
        "from": "n15",
        "to": "n16",
        "length_m": 6,
        "highway": "service",
        "osm_hint": "surface=asphalt; lit=yes"
      }
    },
    {
      "type": "Feature",
      "geometry": {
        "type": "LineString",
        "coordinates": [
          [
            -4.2906651,
            55.8711546
          ],
          [
            -4.2901226,
            55.8710841
          ]
        ]
      },
      "properties": {
        "segment_id": "s012",
        "from": "n16",
        "to": "n17",
        "length_m": 35,
        "highway": "service",
        "osm_hint": "surface=asphalt; lit=yes"
      }
    },
    {
      "type": "Feature",
      "geometry": {
        "type": "LineString",
        "coordinates": [
          [
            -4.2901226,
            55.8710841
          ],
          [
            -4.2893803,
            55.8709844
          ]
        ]
      },
      "properties": {
        "segment_id": "s013",
        "from": "n17",
        "to": "n18",
        "length_m": 48,
        "highway": "service",
        "osm_hint": "surface=asphalt; lit=yes"
      }
    },
    {
      "type": "Feature",
      "geometry": {
        "type": "LineString",
        "coordinates": [
          [
            -4.2893803,
            55.8709844
          ],
          [
            -4.2887311,
            55.8708922
          ]
        ]
      },
      "properties": {
        "segment_id": "s014",
        "from": "n18",
        "to": "n19",
        "length_m": 42,
        "highway": "service",
        "osm_hint": "surface=asphalt; lit=yes"
      }
    },
    {
      "type": "Feature",
      "geometry": {
        "type": "LineString",
        "coordinates": [
          [
            -4.2887311,
            55.8708922
          ],
          [
            -4.2880763,
            55.8708062
          ]
        ]
      },
      "properties": {
        "segment_id": "s015",
        "from": "n19",
        "to": "n20",
        "length_m": 42,
        "highway": "service",
        "osm_hint": "surface=asphalt; lit=yes"
      }
    },
    {
      "type": "Feature",
      "geometry": {
        "type": "LineString",
        "coordinates": [
          [
            -4.2880763,
            55.8708062
          ],
          [
            -4.2873595,
            55.8707142
          ]
        ]
      },
      "properties": {
        "segment_id": "s016",
        "from": "n20",
        "to": "n21",
        "length_m": 46,
        "highway": "service",
        "osm_hint": "surface=asphalt; lit=yes"
      }
    },
    {
      "type": "Feature",
      "geometry": {
        "type": "LineString",
        "coordinates": [
          [
            -4.2873595,
            55.8707142
          ],
          [
            -4.2869791,
            55.8706631
          ],
          [
            -4.2869114,
            55.8706628
          ],
          [
            -4.2868277,
            55.8706822
          ]
        ]
      },
      "properties": {
        "segment_id": "s017",
        "from": "n21",
        "to": "n22",
        "length_m": 34,
        "highway": "service",
        "osm_hint": "surface=asphalt; lit=yes"
      }
    },
    {
      "type": "Feature",
      "geometry": {
        "type": "LineString",
        "coordinates": [
          [
            -4.2901226,
            55.8710841
          ],
          [
            -4.2900732,
            55.8712012
          ]
        ]
      },
      "properties": {
        "segment_id": "s018",
        "from": "n17",
        "to": "n23",
        "length_m": 13,
        "highway": "footway",
        "osm_hint": "surface=asphalt"
      }
    },
    {
      "type": "Feature",
      "geometry": {
        "type": "LineString",
        "coordinates": [
          [
            -4.2900732,
            55.8712012
          ],
          [
            -4.2900205,
            55.8713202
          ]
        ]
      },
      "properties": {
        "segment_id": "s019",
        "from": "n23",
        "to": "n24",
        "length_m": 14,
        "highway": "footway",
        "osm_hint": "surface=asphalt"
      }
    },
    {
      "type": "Feature",
      "geometry": {
        "type": "LineString",
        "coordinates": [
          [
            -4.2936968,
            55.8699258
          ],
          [
            -4.2933889,
            55.8695004
          ]
        ]
      },
      "properties": {
        "segment_id": "s020",
        "from": "n25",
        "to": "n26",
        "length_m": 51,
        "highway": "pedestrian",
        "osm_hint": "surface=asphalt"
      }
    },
    {
      "type": "Feature",
      "geometry": {
        "type": "LineString",
        "coordinates": [
          [
            -4.286278,
            55.8688049
          ],
          [
            -4.2861211,
            55.8689604
          ],
          [
            -4.2860172,
            55.8690826
          ],
          [
            -4.2858695,
            55.8692044
          ],
          [
            -4.2857137,
            55.8693265
          ],
          [
            -4.2855752,
            55.8694718
          ],
          [
            -4.2854868,
            55.8695994
          ],
          [
            -4.2854612,
            55.8696839
          ],
          [
            -4.2854302,
            55.8697299
          ],
          [
            -4.2853162,
            55.8698481
          ],
          [
            -4.2852425,
            55.8699354
          ],
          [
            -4.2851754,
            55.8700227
          ],
          [
            -4.2851203,
            55.8701106
          ],
          [
            -4.2850695,
            55.8702062
          ],
          [
            -4.2850305,
            55.8702882
          ],
          [
            -4.2850234,
            55.8703503
          ],
          [
            -4.2850569,
            55.870462
          ]
        ]
      },
      "properties": {
        "segment_id": "s021",
        "from": "n27",
        "to": "n28",
        "length_m": 203,
        "highway": "footway",
        "osm_hint": "surface=asphalt; lit=no"
      }
    },
    {
      "type": "Feature",
      "geometry": {
        "type": "LineString",
        "coordinates": [
          [
            -4.2938106,
            55.8701577
          ],
          [
            -4.2937462,
            55.8700671
          ],
          [
            -4.2936968,
            55.8699258
          ]
        ]
      },
      "properties": {
        "segment_id": "s022",
        "from": "n29",
        "to": "n25",
        "length_m": 27,
        "highway": "pedestrian",
        "osm_hint": "surface=asphalt; lit=yes"
      }
    },
    {
      "type": "Feature",
      "geometry": {
        "type": "LineString",
        "coordinates": [
          [
            -4.2850569,
            55.870462
          ],
          [
            -4.2852876,
            55.8707208
          ],
          [
            -4.2853036,
            55.8707509
          ],
          [
            -4.285309,
            55.8707855
          ],
          [
            -4.285301,
            55.8708156
          ],
          [
            -4.2851269,
            55.8711785
          ],
          [
            -4.285084,
            55.8712943
          ],
          [
            -4.2850693,
            55.8713605
          ],
          [
            -4.2850666,
            55.8713997
          ],
          [
            -4.2850743,
            55.8714496
          ],
          [
            -4.2850985,
            55.8714992
          ],
          [
            -4.285132,
            55.8715233
          ],
          [
            -4.2852499,
            55.8715873
          ]
        ]
      },
      "properties": {
        "segment_id": "s023",
        "from": "n28",
        "to": "n30",
        "length_m": 135,
        "highway": "footway",
        "osm_hint": "surface=asphalt; lit=no"
      }
    },
    {
      "type": "Feature",
      "geometry": {
        "type": "LineString",
        "coordinates": [
          [
            -4.2890265,
            55.8724645
          ],
          [
            -4.2889562,
            55.8725721
          ],
          [
            -4.2887758,
            55.8728462
          ]
        ]
      },
      "properties": {
        "segment_id": "s024",
        "from": "n31",
        "to": "n32",
        "length_m": 45,
        "highway": "pedestrian",
        "osm_hint": "surface=asphalt"
      }
    },
    {
      "type": "Feature",
      "geometry": {
        "type": "LineString",
        "coordinates": [
          [
            -4.2887758,
            55.8728462
          ],
          [
            -4.2885761,
            55.8731161
          ]
        ]
      },
      "properties": {
        "segment_id": "s025",
        "from": "n32",
        "to": "n33",
        "length_m": 32,
        "highway": "pedestrian",
        "osm_hint": "surface=asphalt"
      }
    },
    {
      "type": "Feature",
      "geometry": {
        "type": "LineString",
        "coordinates": [
          [
            -4.2885761,
            55.8731161
          ],
          [
            -4.2883684,
            55.8734155
          ]
        ]
      },
      "properties": {
        "segment_id": "s026",
        "from": "n33",
        "to": "n34",
        "length_m": 36,
        "highway": "pedestrian",
        "osm_hint": "surface=asphalt"
      }
    },
    {
      "type": "Feature",
      "geometry": {
        "type": "LineString",
        "coordinates": [
          [
            -4.2857834,
            55.8717824
          ],
          [
            -4.287087,
            55.8719585
          ],
          [
            -4.2871863,
            55.87196
          ],
          [
            -4.2872681,
            55.8719524
          ],
          [
            -4.2873298,
            55.8719359
          ],
          [
            -4.2874078,
            55.8718867
          ],
          [
            -4.2874865,
            55.871811
          ],
          [
            -4.288151,
            55.8718968
          ]
        ]
      },
      "properties": {
        "segment_id": "s027",
        "from": "n35",
        "to": "n36",
        "length_m": 159,
        "highway": "service",
        "osm_hint": ""
      }
    },
    {
      "type": "Feature",
      "geometry": {
        "type": "LineString",
        "coordinates": [
          [
            -4.288151,
            55.8718968
          ],
          [
            -4.288175,
            55.8719179
          ],
          [
            -4.2882091,
            55.8719383
          ],
          [
            -4.2882427,
            55.8719503
          ],
          [
            -4.2882844,
            55.8719576
          ],
          [
            -4.2883352,
            55.8719608
          ],
          [
            -4.2883774,
            55.8719552
          ],
          [
            -4.2884063,
            55.8719469
          ],
          [
            -4.2884315,
            55.8719367
          ]
        ]
      },
      "properties": {
        "segment_id": "s028",
        "from": "n36",
        "to": "n37",
        "length_m": 21,
        "highway": "service",
        "osm_hint": ""
      }
    },
    {
      "type": "Feature",
      "geometry": {
        "type": "LineString",
        "coordinates": [
          [
            -4.2884315,
            55.8719367
          ],
          [
            -4.2892466,
            55.8720517
          ]
        ]
      },
      "properties": {
        "segment_id": "s029",
        "from": "n37",
        "to": "n3",
        "length_m": 52,
        "highway": "service",
        "osm_hint": ""
      }
    },
    {
      "type": "Feature",
      "geometry": {
        "type": "LineString",
        "coordinates": [
          [
            -4.2892466,
            55.8720517
          ],
          [
            -4.289388,
            55.8720345
          ],
          [
            -4.2896151,
            55.8720641
          ]
        ]
      },
      "properties": {
        "segment_id": "s030",
        "from": "n3",
        "to": "n38",
        "length_m": 24,
        "highway": "service",
        "osm_hint": ""
      }
    },
    {
      "type": "Feature",
      "geometry": {
        "type": "LineString",
        "coordinates": [
          [
            -4.2896151,
            55.8720641
          ],
          [
            -4.289733,
            55.8720795
          ]
        ]
      },
      "properties": {
        "segment_id": "s031",
        "from": "n38",
        "to": "n39",
        "length_m": 8,
        "highway": "service",
        "osm_hint": ""
      }
    },
    {
      "type": "Feature",
      "geometry": {
        "type": "LineString",
        "coordinates": [
          [
            -4.2850569,
            55.870462
          ],
          [
            -4.2851655,
            55.8704544
          ],
          [
            -4.2852674,
            55.8704424
          ],
          [
            -4.285364,
            55.8704281
          ],
          [
            -4.2854498,
            55.8704123
          ],
          [
            -4.2855276,
            55.8703943
          ],
          [
            -4.2855853,
            55.8703769
          ],
          [
            -4.2856269,
            55.8703581
          ],
          [
            -4.2856724,
            55.8703318
          ],
          [
            -4.2857073,
            55.8703062
          ],
          [
            -4.2857824,
            55.8702445
          ],
          [
            -4.2858179,
            55.8702122
          ],
          [
            -4.2858815,
            55.8701679
          ],
          [
            -4.2859439,
            55.8701355
          ],
          [
            -4.2860508,
            55.8700945
          ],
          [
            -4.286094,
            55.8700836
          ],
          [
            -4.2861457,
            55.8700802
          ],
          [
            -4.2862603,
            55.8700814
          ]
        ]
      },
      "properties": {
        "segment_id": "s032",
        "from": "n28",
        "to": "n40",
        "length_m": 91,
        "highway": "footway",
        "osm_hint": "surface=asphalt; lit=no"
      }
    },
    {
      "type": "Feature",
      "geometry": {
        "type": "LineString",
        "coordinates": [
          [
            -4.2856116,
            55.8720401
          ],
          [
            -4.2856566,
            55.8719306
          ],
          [
            -4.2857834,
            55.8717824
          ]
        ]
      },
      "properties": {
        "segment_id": "s033",
        "from": "n41",
        "to": "n35",
        "length_m": 31,
        "highway": "service",
        "osm_hint": ""
      }
    },
    {
      "type": "Feature",
      "geometry": {
        "type": "LineString",
        "coordinates": [
          [
            -4.2857834,
            55.8717824
          ],
          [
            -4.2860516,
            55.8713746
          ],
          [
            -4.2863584,
            55.870972
          ],
          [
            -4.286396,
            55.8709223
          ],
          [
            -4.2864335,
            55.8708832
          ],
          [
            -4.2865291,
            55.8708057
          ],
          [
            -4.2865559,
            55.8707862
          ],
          [
            -4.2866256,
            55.8707576
          ],
          [
            -4.2868277,
            55.8706822
          ]
        ]
      },
      "properties": {
        "segment_id": "s034",
        "from": "n35",
        "to": "n22",
        "length_m": 142,
        "highway": "service",
        "osm_hint": ""
      }
    },
    {
      "type": "Feature",
      "geometry": {
        "type": "LineString",
        "coordinates": [
          [
            -4.2922585,
            55.8711864
          ],
          [
            -4.2922246,
            55.8712565
          ],
          [
            -4.2921813,
            55.8713706
          ]
        ]
      },
      "properties": {
        "segment_id": "s035",
        "from": "n11",
        "to": "n42",
        "length_m": 21,
        "highway": "service",
        "osm_hint": ""
      }
    },
    {
      "type": "Feature",
      "geometry": {
        "type": "LineString",
        "coordinates": [
          [
            -4.2921813,
            55.8713706
          ],
          [
            -4.2921731,
            55.8714225
          ]
        ]
      },
      "properties": {
        "segment_id": "s036",
        "from": "n42",
        "to": "n43",
        "length_m": 6,
        "highway": "service",
        "osm_hint": ""
      }
    },
    {
      "type": "Feature",
      "geometry": {
        "type": "LineString",
        "coordinates": [
          [
            -4.2921731,
            55.8714225
          ],
          [
            -4.2921457,
            55.871586
          ]
        ]
      },
      "properties": {
        "segment_id": "s037",
        "from": "n43",
        "to": "n44",
        "length_m": 18,
        "highway": "service",
        "osm_hint": ""
      }
    },
    {
      "type": "Feature",
      "geometry": {
        "type": "LineString",
        "coordinates": [
          [
            -4.2921457,
            55.871586
          ],
          [
            -4.2920507,
            55.8718319
          ]
        ]
      },
      "properties": {
        "segment_id": "s038",
        "from": "n44",
        "to": "n45",
        "length_m": 28,
        "highway": "service",
        "osm_hint": ""
      }
    },
    {
      "type": "Feature",
      "geometry": {
        "type": "LineString",
        "coordinates": [
          [
            -4.2920507,
            55.8718319
          ],
          [
            -4.2919838,
            55.8720224
          ]
        ]
      },
      "properties": {
        "segment_id": "s039",
        "from": "n45",
        "to": "n46",
        "length_m": 22,
        "highway": "service",
        "osm_hint": ""
      }
    },
    {
      "type": "Feature",
      "geometry": {
        "type": "LineString",
        "coordinates": [
          [
            -4.2919838,
            55.8720224
          ],
          [
            -4.2919231,
            55.8722497
          ]
        ]
      },
      "properties": {
        "segment_id": "s040",
        "from": "n46",
        "to": "n47",
        "length_m": 26,
        "highway": "service",
        "osm_hint": ""
      }
    },
    {
      "type": "Feature",
      "geometry": {
        "type": "LineString",
        "coordinates": [
          [
            -4.2919231,
            55.8722497
          ],
          [
            -4.2919125,
            55.8725967
          ]
        ]
      },
      "properties": {
        "segment_id": "s041",
        "from": "n47",
        "to": "n48",
        "length_m": 39,
        "highway": "service",
        "osm_hint": ""
      }
    },
    {
      "type": "Feature",
      "geometry": {
        "type": "LineString",
        "coordinates": [
          [
            -4.2919125,
            55.8725967
          ],
          [
            -4.2919107,
            55.8726379
          ],
          [
            -4.2919107,
            55.872638
          ]
        ]
      },
      "properties": {
        "segment_id": "s042",
        "from": "n48",
        "to": "n49",
        "length_m": 5,
        "highway": "service",
        "osm_hint": ""
      }
    },
    {
      "type": "Feature",
      "geometry": {
        "type": "LineString",
        "coordinates": [
          [
            -4.2919107,
            55.872638
          ],
          [
            -4.2919069,
            55.8727223
          ],
          [
            -4.2919046,
            55.8727319
          ],
          [
            -4.2919004,
            55.8727418
          ],
          [
            -4.2918855,
            55.8727677
          ]
        ]
      },
      "properties": {
        "segment_id": "s043",
        "from": "n49",
        "to": "n50",
        "length_m": 15,
        "highway": "service",
        "osm_hint": ""
      }
    },
    {
      "type": "Feature",
      "geometry": {
        "type": "LineString",
        "coordinates": [
          [
            -4.2918855,
            55.8727677
          ],
          [
            -4.2918671,
            55.8727984
          ]
        ]
      },
      "properties": {
        "segment_id": "s044",
        "from": "n50",
        "to": "n51",
        "length_m": 4,
        "highway": "service",
        "osm_hint": ""
      }
    },
    {
      "type": "Feature",
      "geometry": {
        "type": "LineString",
        "coordinates": [
          [
            -4.2900205,
            55.8713202
          ],
          [
            -4.2899821,
            55.8714116
          ],
          [
            -4.2900142,
            55.8714396
          ]
        ]
      },
      "properties": {
        "segment_id": "s045",
        "from": "n24",
        "to": "n52",
        "length_m": 14,
        "highway": "service",
        "osm_hint": "surface=asphalt"
      }
    },
    {
      "type": "Feature",
      "geometry": {
        "type": "LineString",
        "coordinates": [
          [
            -4.2900142,
            55.8714396
          ],
          [
            -4.2899577,
            55.8715682
          ]
        ]
      },
      "properties": {
        "segment_id": "s046",
        "from": "n52",
        "to": "n53",
        "length_m": 15,
        "highway": "service",
        "osm_hint": "surface=asphalt"
      }
    },
    {
      "type": "Feature",
      "geometry": {
        "type": "LineString",
        "coordinates": [
          [
            -4.2899577,
            55.8715682
          ],
          [
            -4.2898965,
            55.8717075
          ]
        ]
      },
      "properties": {
        "segment_id": "s047",
        "from": "n53",
        "to": "n54",
        "length_m": 16,
        "highway": "service",
        "osm_hint": "surface=asphalt"
      }
    },
    {
      "type": "Feature",
      "geometry": {
        "type": "LineString",
        "coordinates": [
          [
            -4.2898965,
            55.8717075
          ],
          [
            -4.2898795,
            55.8717461
          ]
        ]
      },
      "properties": {
        "segment_id": "s048",
        "from": "n54",
        "to": "n55",
        "length_m": 4,
        "highway": "service",
        "osm_hint": "surface=asphalt"
      }
    },
    {
      "type": "Feature",
      "geometry": {
        "type": "LineString",
        "coordinates": [
          [
            -4.2898795,
            55.8717461
          ],
          [
            -4.289733,
            55.8720795
          ]
        ]
      },
      "properties": {
        "segment_id": "s049",
        "from": "n55",
        "to": "n39",
        "length_m": 38,
        "highway": "service",
        "osm_hint": "surface=asphalt"
      }
    },
    {
      "type": "Feature",
      "geometry": {
        "type": "LineString",
        "coordinates": [
          [
            -4.289733,
            55.8720795
          ],
          [
            -4.2902121,
            55.8721409
          ]
        ]
      },
      "properties": {
        "segment_id": "s050",
        "from": "n39",
        "to": "n56",
        "length_m": 31,
        "highway": "service",
        "osm_hint": "surface=asphalt"
      }
    },
    {
      "type": "Feature",
      "geometry": {
        "type": "LineString",
        "coordinates": [
          [
            -4.2902121,
            55.8721409
          ],
          [
            -4.2904824,
            55.8715001
          ]
        ]
      },
      "properties": {
        "segment_id": "s051",
        "from": "n56",
        "to": "n57",
        "length_m": 73,
        "highway": "service",
        "osm_hint": "surface=asphalt"
      }
    },
    {
      "type": "Feature",
      "geometry": {
        "type": "LineString",
        "coordinates": [
          [
            -4.2904824,
            55.8715001
          ],
          [
            -4.2905584,
            55.8713535
          ]
        ]
      },
      "properties": {
        "segment_id": "s052",
        "from": "n57",
        "to": "n58",
        "length_m": 17,
        "highway": "service",
        "osm_hint": "surface=asphalt"
      }
    },
    {
      "type": "Feature",
      "geometry": {
        "type": "LineString",
        "coordinates": [
          [
            -4.2905584,
            55.8713535
          ],
          [
            -4.2906651,
            55.8711546
          ]
        ]
      },
      "properties": {
        "segment_id": "s053",
        "from": "n58",
        "to": "n16",
        "length_m": 23,
        "highway": "service",
        "osm_hint": "surface=asphalt"
      }
    },
    {
      "type": "Feature",
      "geometry": {
        "type": "LineString",
        "coordinates": [
          [
            -4.2944897,
            55.8727335
          ],
          [
            -4.2947792,
            55.8727394
          ]
        ]
      },
      "properties": {
        "segment_id": "s054",
        "from": "n59",
        "to": "n60",
        "length_m": 18,
        "highway": "pedestrian",
        "osm_hint": "surface=paving_stones"
      }
    },
    {
      "type": "Feature",
      "geometry": {
        "type": "LineString",
        "coordinates": [
          [
            -4.2850909,
            55.8737827
          ],
          [
            -4.2852286,
            55.873812
          ],
          [
            -4.2853506,
            55.8738347
          ]
        ]
      },
      "properties": {
        "segment_id": "s055",
        "from": "n61",
        "to": "n62",
        "length_m": 17,
        "highway": "service",
        "osm_hint": ""
      }
    },
    {
      "type": "Feature",
      "geometry": {
        "type": "LineString",
        "coordinates": [
          [
            -4.2853506,
            55.8738347
          ],
          [
            -4.2862074,
            55.8740358
          ],
          [
            -4.2862517,
            55.8740459
          ],
          [
            -4.2863807,
            55.8740754
          ]
        ]
      },
      "properties": {
        "segment_id": "s056",
        "from": "n62",
        "to": "n63",
        "length_m": 70,
        "highway": "service",
        "osm_hint": ""
      }
    },
    {
      "type": "Feature",
      "geometry": {
        "type": "LineString",
        "coordinates": [
          [
            -4.2868008,
            55.8724632
          ],
          [
            -4.2861704,
            55.8733306
          ]
        ]
      },
      "properties": {
        "segment_id": "s057",
        "from": "n64",
        "to": "n65",
        "length_m": 104,
        "highway": "service",
        "osm_hint": ""
      }
    },
    {
      "type": "Feature",
      "geometry": {
        "type": "LineString",
        "coordinates": [
          [
            -4.2869843,
            55.8743458
          ],
          [
            -4.2862867,
            55.8752932
          ]
        ]
      },
      "properties": {
        "segment_id": "s058",
        "from": "n66",
        "to": "n67",
        "length_m": 114,
        "highway": "service",
        "osm_hint": "surface=asphalt"
      }
    },
    {
      "type": "Feature",
      "geometry": {
        "type": "LineString",
        "coordinates": [
          [
            -4.2882944,
            55.874527
          ],
          [
            -4.288812,
            55.8738738
          ]
        ]
      },
      "properties": {
        "segment_id": "s059",
        "from": "n68",
        "to": "n69",
        "length_m": 79,
        "highway": "service",
        "osm_hint": "surface=asphalt"
      }
    },
    {
      "type": "Feature",
      "geometry": {
        "type": "LineString",
        "coordinates": [
          [
            -4.288812,
            55.8738738
          ],
          [
            -4.2893893,
            55.8739447
          ]
        ]
      },
      "properties": {
        "segment_id": "s060",
        "from": "n69",
        "to": "n70",
        "length_m": 37,
        "highway": "footway",
        "osm_hint": "surface=concrete; lit=yes"
      }
    },
    {
      "type": "Feature",
      "geometry": {
        "type": "LineString",
        "coordinates": [
          [
            -4.288812,
            55.8738738
          ],
          [
            -4.2887288,
            55.8738648
          ],
          [
            -4.2887681,
            55.8737474
          ],
          [
            -4.2886207,
            55.8737136
          ],
          [
            -4.2886798,
            55.8736284
          ]
        ]
      },
      "properties": {
        "segment_id": "s061",
        "from": "n69",
        "to": "n71",
        "length_m": 39,
        "highway": "footway",
        "osm_hint": "surface=concrete; lit=yes"
      }
    },
    {
      "type": "Feature",
      "geometry": {
        "type": "LineString",
        "coordinates": [
          [
            -4.2886798,
            55.8736284
          ],
          [
            -4.2882835,
            55.8735292
          ]
        ]
      },
      "properties": {
        "segment_id": "s062",
        "from": "n71",
        "to": "n72",
        "length_m": 27,
        "highway": "footway",
        "osm_hint": "surface=concrete; lit=yes"
      }
    },
    {
      "type": "Feature",
      "geometry": {
        "type": "LineString",
        "coordinates": [
          [
            -4.2887758,
            55.8728462
          ],
          [
            -4.2898311,
            55.8730469
          ],
          [
            -4.2898883,
            55.8730836
          ]
        ]
      },
      "properties": {
        "segment_id": "s063",
        "from": "n32",
        "to": "n73",
        "length_m": 75,
        "highway": "service",
        "osm_hint": "surface=asphalt"
      }
    },
    {
      "type": "Feature",
      "geometry": {
        "type": "LineString",
        "coordinates": [
          [
            -4.2898883,
            55.8730836
          ],
          [
            -4.2901685,
            55.8731534
          ],
          [
            -4.2902432,
            55.8731933
          ],
          [
            -4.2905434,
            55.8734315
          ]
        ]
      },
      "properties": {
        "segment_id": "s064",
        "from": "n73",
        "to": "n74",
        "length_m": 58,
        "highway": "service",
        "osm_hint": "surface=asphalt"
      }
    },
    {
      "type": "Feature",
      "geometry": {
        "type": "LineString",
        "coordinates": [
          [
            -4.288129,
            55.8723256
          ],
          [
            -4.2880831,
            55.8724198
          ],
          [
            -4.2880954,
            55.8725238
          ]
        ]
      },
      "properties": {
        "segment_id": "s065",
        "from": "n75",
        "to": "n76",
        "length_m": 22,
        "highway": "footway",
        "osm_hint": "surface=paving_stones"
      }
    },
    {
      "type": "Feature",
      "geometry": {
        "type": "LineString",
        "coordinates": [
          [
            -4.2880954,
            55.8725238
          ],
          [
            -4.288246,
            55.8726309
          ],
          [
            -4.2883183,
            55.8727819
          ],
          [
            -4.2883505,
            55.8730562
          ]
        ]
      },
      "properties": {
        "segment_id": "s066",
        "from": "n76",
        "to": "n77",
        "length_m": 63,
        "highway": "footway",
        "osm_hint": "surface=paving_stones"
      }
    },
    {
      "type": "Feature",
      "geometry": {
        "type": "LineString",
        "coordinates": [
          [
            -4.2883505,
            55.8730562
          ],
          [
            -4.2883848,
            55.8730793
          ],
          [
            -4.2885761,
            55.8731161
          ]
        ]
      },
      "properties": {
        "segment_id": "s067",
        "from": "n77",
        "to": "n33",
        "length_m": 16,
        "highway": "footway",
        "osm_hint": "surface=paving_stones"
      }
    },
    {
      "type": "Feature",
      "geometry": {
        "type": "LineString",
        "coordinates": [
          [
            -4.288129,
            55.8723256
          ],
          [
            -4.2881551,
            55.8722358
          ],
          [
            -4.2881729,
            55.8721958
          ]
        ]
      },
      "properties": {
        "segment_id": "s068",
        "from": "n75",
        "to": "n78",
        "length_m": 15,
        "highway": "footway",
        "osm_hint": "surface=asphalt"
      }
    },
    {
      "type": "Feature",
      "geometry": {
        "type": "LineString",
        "coordinates": [
          [
            -4.2881729,
            55.8721958
          ],
          [
            -4.2881391,
            55.8721901
          ],
          [
            -4.2881093,
            55.8721799
          ],
          [
            -4.2880935,
            55.8721709
          ],
          [
            -4.2880796,
            55.8721591
          ],
          [
            -4.2880698,
            55.8721458
          ],
          [
            -4.2880639,
            55.8721314
          ],
          [
            -4.2880606,
            55.8721155
          ],
          [
            -4.2880624,
            55.8720995
          ],
          [
            -4.2880792,
            55.8720618
          ]
        ]
      },
      "properties": {
        "segment_id": "s069",
        "from": "n78",
        "to": "n79",
        "length_m": 18,
        "highway": "footway",
        "osm_hint": "surface=asphalt"
      }
    },
    {
      "type": "Feature",
      "geometry": {
        "type": "LineString",
        "coordinates": [
          [
            -4.2880792,
            55.8720618
          ],
          [
            -4.288151,
            55.8718968
          ]
        ]
      },
      "properties": {
        "segment_id": "s070",
        "from": "n79",
        "to": "n36",
        "length_m": 19,
        "highway": "footway",
        "osm_hint": "surface=asphalt"
      }
    },
    {
      "type": "Feature",
      "geometry": {
        "type": "LineString",
        "coordinates": [
          [
            -4.288151,
            55.8718968
          ],
          [
            -4.288132,
            55.8718709
          ],
          [
            -4.2881173,
            55.8718363
          ],
          [
            -4.2881246,
            55.8718155
          ]
        ]
      },
      "properties": {
        "segment_id": "s071",
        "from": "n36",
        "to": "n80",
        "length_m": 9,
        "highway": "footway",
        "osm_hint": "surface=asphalt"
      }
    },
    {
      "type": "Feature",
      "geometry": {
        "type": "LineString",
        "coordinates": [
          [
            -4.290743,
            55.8751305
          ],
          [
            -4.2911308,
            55.8746269
          ],
          [
            -4.2915079,
            55.8741214
          ]
        ]
      },
      "properties": {
        "segment_id": "s072",
        "from": "n81",
        "to": "n82",
        "length_m": 122,
        "highway": "service",
        "osm_hint": "surface=asphalt"
      }
    },
    {
      "type": "Feature",
      "geometry": {
        "type": "LineString",
        "coordinates": [
          [
            -4.2915079,
            55.8741214
          ],
          [
            -4.2915772,
            55.8740515
          ]
        ]
      },
      "properties": {
        "segment_id": "s073",
        "from": "n82",
        "to": "n83",
        "length_m": 9,
        "highway": "service",
        "osm_hint": "surface=asphalt"
      }
    },
    {
      "type": "Feature",
      "geometry": {
        "type": "LineString",
        "coordinates": [
          [
            -4.2894369,
            55.8748053
          ],
          [
            -4.2898554,
            55.8742649
          ]
        ]
      },
      "properties": {
        "segment_id": "s074",
        "from": "n84",
        "to": "n85",
        "length_m": 66,
        "highway": "service",
        "osm_hint": "surface=asphalt"
      }
    },
    {
      "type": "Feature",
      "geometry": {
        "type": "LineString",
        "coordinates": [
          [
            -4.2903482,
            55.8737984
          ],
          [
            -4.2904628,
            55.8738269
          ]
        ]
      },
      "properties": {
        "segment_id": "s075",
        "from": "n86",
        "to": "n87",
        "length_m": 8,
        "highway": "footway",
        "osm_hint": "surface=dirt"
      }
    },
    {
      "type": "Feature",
      "geometry": {
        "type": "LineString",
        "coordinates": [
          [
            -4.2904628,
            55.8738269
          ],
          [
            -4.2905346,
            55.8738454
          ],
          [
            -4.2905256,
            55.8738571
          ]
        ]
      },
      "properties": {
        "segment_id": "s076",
        "from": "n87",
        "to": "n88",
        "length_m": 6,
        "highway": "footway",
        "osm_hint": "surface=dirt"
      }
    },
    {
      "type": "Feature",
      "geometry": {
        "type": "LineString",
        "coordinates": [
          [
            -4.2905256,
            55.8738571
          ],
          [
            -4.290702,
            55.8738977
          ]
        ]
      },
      "properties": {
        "segment_id": "s077",
        "from": "n88",
        "to": "n89",
        "length_m": 12,
        "highway": "footway",
        "osm_hint": "surface=dirt"
      }
    },
    {
      "type": "Feature",
      "geometry": {
        "type": "LineString",
        "coordinates": [
          [
            -4.290702,
            55.8738977
          ],
          [
            -4.2908179,
            55.8739109
          ]
        ]
      },
      "properties": {
        "segment_id": "s078",
        "from": "n89",
        "to": "n90",
        "length_m": 7,
        "highway": "footway",
        "osm_hint": "surface=dirt"
      }
    },
    {
      "type": "Feature",
      "geometry": {
        "type": "LineString",
        "coordinates": [
          [
            -4.2904361,
            55.874313
          ],
          [
            -4.2904495,
            55.8742733
          ],
          [
            -4.2904924,
            55.8742553
          ],
          [
            -4.2905554,
            55.8742327
          ],
          [
            -4.2906614,
            55.8741003
          ],
          [
            -4.290711,
            55.8739679
          ],
          [
            -4.290702,
            55.8738977
          ]
        ]
      },
      "properties": {
        "segment_id": "s079",
        "from": "n91",
        "to": "n89",
        "length_m": 52,
        "highway": "footway",
        "osm_hint": "surface=paving_stones"
      }
    },
    {
      "type": "Feature",
      "geometry": {
        "type": "LineString",
        "coordinates": [
          [
            -4.289307,
            55.8740574
          ],
          [
            -4.2894443,
            55.8740931
          ],
          [
            -4.2896089,
            55.8741119
          ]
        ]
      },
      "properties": {
        "segment_id": "s080",
        "from": "n92",
        "to": "n93",
        "length_m": 20,
        "highway": "service",
        "osm_hint": "surface=asphalt"
      }
    },
    {
      "type": "Feature",
      "geometry": {
        "type": "LineString",
        "coordinates": [
          [
            -4.2898554,
            55.8742649
          ],
          [
            -4.2898855,
            55.8742214
          ],
          [
            -4.2899185,
            55.8741556
          ]
        ]
      },
      "properties": {
        "segment_id": "s081",
        "from": "n85",
        "to": "n94",
        "length_m": 13,
        "highway": "footway",
        "osm_hint": ""
      }
    },
    {
      "type": "Feature",
      "geometry": {
        "type": "LineString",
        "coordinates": [
          [
            -4.2904361,
            55.874313
          ],
          [
            -4.2902834,
            55.8742785
          ],
          [
            -4.2901297,
            55.8742418
          ]
        ]
      },
      "properties": {
        "segment_id": "s082",
        "from": "n91",
        "to": "n95",
        "length_m": 21,
        "highway": "footway",
        "osm_hint": ""
      }
    },
    {
      "type": "Feature",
      "geometry": {
        "type": "LineString",
        "coordinates": [
          [
            -4.2907558,
            55.8743395
          ],
          [
            -4.2906345,
            55.8743418
          ],
          [
            -4.2905742,
            55.8743388
          ],
          [
            -4.2905071,
            55.8743252
          ]
        ]
      },
      "properties": {
        "segment_id": "s083",
        "from": "n96",
        "to": "n97",
        "length_m": 16,
        "highway": "steps",
        "osm_hint": "surface=paving_stones; incline=up; handrail=no; step_count=8; ramp=no"
      }
    },
    {
      "type": "Feature",
      "geometry": {
        "type": "LineString",
        "coordinates": [
          [
            -4.2906272,
            55.8737862
          ],
          [
            -4.2906517,
            55.8737834
          ]
        ]
      },
      "properties": {
        "segment_id": "s084",
        "from": "n98",
        "to": "n99",
        "length_m": 2,
        "highway": "footway",
        "osm_hint": "surface=paving_stones"
      }
    },
    {
      "type": "Feature",
      "geometry": {
        "type": "LineString",
        "coordinates": [
          [
            -4.2906517,
            55.8737834
          ],
          [
            -4.2906828,
            55.8737798
          ]
        ]
      },
      "properties": {
        "segment_id": "s085",
        "from": "n99",
        "to": "n100",
        "length_m": 2,
        "highway": "footway",
        "osm_hint": "surface=paving_stones"
      }
    },
    {
      "type": "Feature",
      "geometry": {
        "type": "LineString",
        "coordinates": [
          [
            -4.2906828,
            55.8737798
          ],
          [
            -4.2908195,
            55.8737999
          ]
        ]
      },
      "properties": {
        "segment_id": "s086",
        "from": "n100",
        "to": "n101",
        "length_m": 9,
        "highway": "footway",
        "osm_hint": "surface=paving_stones"
      }
    },
    {
      "type": "Feature",
      "geometry": {
        "type": "LineString",
        "coordinates": [
          [
            -4.2910857,
            55.8732503
          ],
          [
            -4.2911422,
            55.8732286
          ]
        ]
      },
      "properties": {
        "segment_id": "s087",
        "from": "n102",
        "to": "n103",
        "length_m": 4,
        "highway": "steps",
        "osm_hint": "surface=concrete; incline=down; tactile_paving=no; handrail=yes; step_count=6; ramp=no"
      }
    },
    {
      "type": "Feature",
      "geometry": {
        "type": "LineString",
        "coordinates": [
          [
            -4.2910441,
            55.8732655
          ],
          [
            -4.2909624,
            55.873283
          ],
          [
            -4.2907454,
            55.8733723
          ],
          [
            -4.290779,
            55.8733951
          ],
          [
            -4.2907638,
            55.8734014
          ]
        ]
      },
      "properties": {
        "segment_id": "s088",
        "from": "n104",
        "to": "n105",
        "length_m": 27,
        "highway": "footway",
        "osm_hint": "surface=paving_stones"
      }
    },
    {
      "type": "Feature",
      "geometry": {
        "type": "LineString",
        "coordinates": [
          [
            -4.2906185,
            55.8734499
          ],
          [
            -4.2906054,
            55.8734394
          ]
        ]
      },
      "properties": {
        "segment_id": "s089",
        "from": "n106",
        "to": "n107",
        "length_m": 1,
        "highway": "steps",
        "osm_hint": "surface=concrete; incline=down; tactile_paving=no; handrail=yes; step_count=6; ramp=no"
      }
    },
    {
      "type": "Feature",
      "geometry": {
        "type": "LineString",
        "coordinates": [
          [
            -4.2908516,
            55.8738046
          ],
          [
            -4.2909149,
            55.8738057
          ]
        ]
      },
      "properties": {
        "segment_id": "s090",
        "from": "n108",
        "to": "n109",
        "length_m": 4,
        "highway": "footway",
        "osm_hint": "surface=paving_stones"
      }
    },
    {
      "type": "Feature",
      "geometry": {
        "type": "LineString",
        "coordinates": [
          [
            -4.2909149,
            55.8738057
          ],
          [
            -4.2909531,
            55.8738063
          ]
        ]
      },
      "properties": {
        "segment_id": "s091",
        "from": "n109",
        "to": "n110",
        "length_m": 2,
        "highway": "footway",
        "osm_hint": "surface=paving_stones"
      }
    },
    {
      "type": "Feature",
      "geometry": {
        "type": "LineString",
        "coordinates": [
          [
            -4.2883505,
            55.8730562
          ],
          [
            -4.2881174,
            55.8730253
          ]
        ]
      },
      "properties": {
        "segment_id": "s092",
        "from": "n77",
        "to": "n111",
        "length_m": 15,
        "highway": "footway",
        "osm_hint": ""
      }
    },
    {
      "type": "Feature",
      "geometry": {
        "type": "LineString",
        "coordinates": [
          [
            -4.2870255,
            55.8731979
          ],
          [
            -4.2872985,
            55.8732565
          ],
          [
            -4.2881088,
            55.8734282
          ]
        ]
      },
      "properties": {
        "segment_id": "s093",
        "from": "n112",
        "to": "n113",
        "length_m": 72,
        "highway": "service",
        "osm_hint": "surface=asphalt"
      }
    },
    {
      "type": "Feature",
      "geometry": {
        "type": "LineString",
        "coordinates": [
          [
            -4.2881174,
            55.8730253
          ],
          [
            -4.2879518,
            55.8730016
          ]
        ]
      },
      "properties": {
        "segment_id": "s094",
        "from": "n111",
        "to": "n114",
        "length_m": 11,
        "highway": "steps",
        "osm_hint": "incline=down; handrail=yes"
      }
    },
    {
      "type": "Feature",
      "geometry": {
        "type": "LineString",
        "coordinates": [
          [
            -4.2879518,
            55.8730016
          ],
          [
            -4.2878411,
            55.8729866
          ]
        ]
      },
      "properties": {
        "segment_id": "s095",
        "from": "n114",
        "to": "n115",
        "length_m": 7,
        "highway": "footway",
        "osm_hint": ""
      }
    },
    {
      "type": "Feature",
      "geometry": {
        "type": "LineString",
        "coordinates": [
          [
            -4.2878411,
            55.8729866
          ],
          [
            -4.2872991,
            55.8729081
          ]
        ]
      },
      "properties": {
        "segment_id": "s096",
        "from": "n115",
        "to": "n116",
        "length_m": 35,
        "highway": "footway",
        "osm_hint": ""
      }
    },
    {
      "type": "Feature",
      "geometry": {
        "type": "LineString",
        "coordinates": [
          [
            -4.2872991,
            55.8729081
          ],
          [
            -4.2872524,
            55.8728974
          ]
        ]
      },
      "properties": {
        "segment_id": "s097",
        "from": "n116",
        "to": "n117",
        "length_m": 3,
        "highway": "footway",
        "osm_hint": ""
      }
    },
    {
      "type": "Feature",
      "geometry": {
        "type": "LineString",
        "coordinates": [
          [
            -4.2880954,
            55.8725238
          ],
          [
            -4.2879939,
            55.872524
          ],
          [
            -4.2879159,
            55.8725547
          ],
          [
            -4.2877994,
            55.8726015
          ],
          [
            -4.2876954,
            55.8726724
          ],
          [
            -4.2876734,
            55.8727558
          ],
          [
            -4.287715,
            55.8728408
          ],
          [
            -4.2877384,
            55.8728567
          ]
        ]
      },
      "properties": {
        "segment_id": "s098",
        "from": "n76",
        "to": "n118",
        "length_m": 53,
        "highway": "footway",
        "osm_hint": ""
      }
    },
    {
      "type": "Feature",
      "geometry": {
        "type": "LineString",
        "coordinates": [
          [
            -4.2877384,
            55.8728567
          ],
          [
            -4.2878088,
            55.8729032
          ],
          [
            -4.2878411,
            55.8729866
          ]
        ]
      },
      "properties": {
        "segment_id": "s099",
        "from": "n118",
        "to": "n115",
        "length_m": 16,
        "highway": "footway",
        "osm_hint": ""
      }
    },
    {
      "type": "Feature",
      "geometry": {
        "type": "LineString",
        "coordinates": [
          [
            -4.2949208,
            55.8698142
          ],
          [
            -4.2947777,
            55.8699281
          ],
          [
            -4.2947415,
            55.8699612
          ],
          [
            -4.2946986,
            55.869983
          ],
          [
            -4.2945725,
            55.8700304
          ],
          [
            -4.2944545,
            55.8700635
          ],
          [
            -4.2943539,
            55.8700891
          ],
          [
            -4.2942466,
            55.8701094
          ],
          [
            -4.2941326,
            55.870123
          ],
          [
            -4.2939999,
            55.870135
          ],
          [
            -4.2939154,
            55.8701433
          ],
          [
            -4.2938106,
            55.8701577
          ]
        ]
      },
      "properties": {
        "segment_id": "s100",
        "from": "n119",
        "to": "n29",
        "length_m": 83,
        "highway": "pedestrian",
        "osm_hint": "surface=asphalt; smoothness=good; lit=yes"
      }
    },
    {
      "type": "Feature",
      "geometry": {
        "type": "LineString",
        "coordinates": [
          [
            -4.2938106,
            55.8701577
          ],
          [
            -4.2937225,
            55.870178
          ],
          [
            -4.2936126,
            55.8702111
          ],
          [
            -4.2935321,
            55.8702457
          ],
          [
            -4.2934463,
            55.8702894
          ]
        ]
      },
      "properties": {
        "segment_id": "s101",
        "from": "n29",
        "to": "n120",
        "length_m": 27,
        "highway": "pedestrian",
        "osm_hint": "surface=asphalt; smoothness=good; lit=yes"
      }
    },
    {
      "type": "Feature",
      "geometry": {
        "type": "LineString",
        "coordinates": [
          [
            -4.2934463,
            55.8702894
          ],
          [
            -4.2933417,
            55.8703375
          ],
          [
            -4.2932129,
            55.8703902
          ],
          [
            -4.29306,
            55.8704459
          ],
          [
            -4.2928937,
            55.8704971
          ],
          [
            -4.2927382,
            55.8705407
          ],
          [
            -4.2925665,
            55.8705813
          ],
          [
            -4.2923868,
            55.8706159
          ],
          [
            -4.292199,
            55.870646
          ],
          [
            -4.2920488,
            55.8706641
          ],
          [
            -4.2918852,
            55.8706746
          ],
          [
            -4.2917055,
            55.8706761
          ],
          [
            -4.2915204,
            55.8706746
          ]
        ]
      },
      "properties": {
        "segment_id": "s102",
        "from": "n120",
        "to": "n121",
        "length_m": 131,
        "highway": "pedestrian",
        "osm_hint": "surface=asphalt; smoothness=good; lit=yes"
      }
    },
    {
      "type": "Feature",
      "geometry": {
        "type": "LineString",
        "coordinates": [
          [
            -4.2915204,
            55.8706746
          ],
          [
            -4.2913515,
            55.8706686
          ],
          [
            -4.2911712,
            55.8706626
          ],
          [
            -4.291029,
            55.870655
          ],
          [
            -4.2908654,
            55.8706438
          ],
          [
            -4.290742,
            55.8706325
          ],
          [
            -4.2906012,
            55.8706167
          ],
          [
            -4.2904269,
            55.8705918
          ],
          [
            -4.290286,
            55.8705693
          ],
          [
            -4.2901211,
            55.8705384
          ],
          [
            -4.2899534,
            55.8704993
          ],
          [
            -4.289822,
            55.8704609
          ],
          [
            -4.2897013,
            55.8704225
          ],
          [
            -4.2895109,
            55.8703563
          ],
          [
            -4.2893795,
            55.8703119
          ],
          [
            -4.2892655,
            55.8702735
          ],
          [
            -4.2891474,
            55.8702352
          ],
          [
            -4.2890267,
            55.8701975
          ]
        ]
      },
      "properties": {
        "segment_id": "s103",
        "from": "n121",
        "to": "n122",
        "length_m": 167,
        "highway": "pedestrian",
        "osm_hint": "surface=asphalt; smoothness=good; lit=yes"
      }
    },
    {
      "type": "Feature",
      "geometry": {
        "type": "LineString",
        "coordinates": [
          [
            -4.2890267,
            55.8701975
          ],
          [
            -4.2888953,
            55.8701637
          ],
          [
            -4.2887585,
            55.8701291
          ],
          [
            -4.2885989,
            55.8700937
          ],
          [
            -4.2885506,
            55.8700833
          ],
          [
            -4.2884621,
            55.8700644
          ],
          [
            -4.2883361,
            55.8700433
          ],
          [
            -4.2882087,
            55.8700275
          ],
          [
            -4.2880558,
            55.870014
          ],
          [
            -4.2878023,
            55.8699989
          ],
          [
            -4.2875006,
            55.8699869
          ],
          [
            -4.2873396,
            55.8699839
          ],
          [
            -4.2871626,
            55.8699869
          ],
          [
            -4.2869234,
            55.8700002
          ],
          [
            -4.2865251,
            55.8699994
          ]
        ]
      },
      "properties": {
        "segment_id": "s104",
        "from": "n122",
        "to": "n9",
        "length_m": 160,
        "highway": "pedestrian",
        "osm_hint": "surface=asphalt; smoothness=good; lit=yes"
      }
    },
    {
      "type": "Feature",
      "geometry": {
        "type": "LineString",
        "coordinates": [
          [
            -4.2865251,
            55.8699994
          ],
          [
            -4.2863464,
            55.8699993
          ],
          [
            -4.2863187,
            55.8699993
          ]
        ]
      },
      "properties": {
        "segment_id": "s105",
        "from": "n9",
        "to": "n2",
        "length_m": 13,
        "highway": "pedestrian",
        "osm_hint": "surface=asphalt; smoothness=good; lit=yes"
      }
    },
    {
      "type": "Feature",
      "geometry": {
        "type": "LineString",
        "coordinates": [
          [
            -4.2863807,
            55.8740754
          ],
          [
            -4.2865046,
            55.8741325
          ]
        ]
      },
      "properties": {
        "segment_id": "s106",
        "from": "n63",
        "to": "n123",
        "length_m": 10,
        "highway": "service",
        "osm_hint": "surface=asphalt"
      }
    },
    {
      "type": "Feature",
      "geometry": {
        "type": "LineString",
        "coordinates": [
          [
            -4.2865046,
            55.8741325
          ],
          [
            -4.285728,
            55.8751621
          ]
        ]
      },
      "properties": {
        "segment_id": "s107",
        "from": "n123",
        "to": "n124",
        "length_m": 124,
        "highway": "service",
        "osm_hint": "surface=asphalt"
      }
    },
    {
      "type": "Feature",
      "geometry": {
        "type": "LineString",
        "coordinates": [
          [
            -4.2936996,
            55.8711131
          ],
          [
            -4.2935364,
            55.8711145
          ]
        ]
      },
      "properties": {
        "segment_id": "s108",
        "from": "n125",
        "to": "n126",
        "length_m": 10,
        "highway": "service",
        "osm_hint": ""
      }
    },
    {
      "type": "Feature",
      "geometry": {
        "type": "LineString",
        "coordinates": [
          [
            -4.2935364,
            55.8711145
          ],
          [
            -4.293309,
            55.8711056
          ]
        ]
      },
      "properties": {
        "segment_id": "s109",
        "from": "n126",
        "to": "n127",
        "length_m": 14,
        "highway": "service",
        "osm_hint": ""
      }
    },
    {
      "type": "Feature",
      "geometry": {
        "type": "LineString",
        "coordinates": [
          [
            -4.293309,
            55.8711056
          ],
          [
            -4.293219,
            55.8711021
          ],
          [
            -4.292893,
            55.8710698
          ]
        ]
      },
      "properties": {
        "segment_id": "s110",
        "from": "n127",
        "to": "n128",
        "length_m": 26,
        "highway": "service",
        "osm_hint": ""
      }
    },
    {
      "type": "Feature",
      "geometry": {
        "type": "LineString",
        "coordinates": [
          [
            -4.2919838,
            55.8720224
          ],
          [
            -4.2925766,
            55.8721008
          ],
          [
            -4.2926288,
            55.8721087
          ],
          [
            -4.2926519,
            55.8721213
          ]
        ]
      },
      "properties": {
        "segment_id": "s111",
        "from": "n46",
        "to": "n129",
        "length_m": 43,
        "highway": "service",
        "osm_hint": ""
      }
    },
    {
      "type": "Feature",
      "geometry": {
        "type": "LineString",
        "coordinates": [
          [
            -4.2926519,
            55.8721213
          ],
          [
            -4.2929676,
            55.872342
          ]
        ]
      },
      "properties": {
        "segment_id": "s112",
        "from": "n129",
        "to": "n130",
        "length_m": 31,
        "highway": "service",
        "osm_hint": ""
      }
    },
    {
      "type": "Feature",
      "geometry": {
        "type": "LineString",
        "coordinates": [
          [
            -4.2929676,
            55.872342
          ],
          [
            -4.2929568,
            55.8724586
          ],
          [
            -4.29295,
            55.8725804
          ],
          [
            -4.292948,
            55.8726157
          ]
        ]
      },
      "properties": {
        "segment_id": "s113",
        "from": "n130",
        "to": "n131",
        "length_m": 30,
        "highway": "service",
        "osm_hint": ""
      }
    },
    {
      "type": "Feature",
      "geometry": {
        "type": "LineString",
        "coordinates": [
          [
            -4.292948,
            55.8726157
          ],
          [
            -4.2929406,
            55.8727146
          ]
        ]
      },
      "properties": {
        "segment_id": "s114",
        "from": "n131",
        "to": "n132",
        "length_m": 11,
        "highway": "service",
        "osm_hint": ""
      }
    },
    {
      "type": "Feature",
      "geometry": {
        "type": "LineString",
        "coordinates": [
          [
            -4.2873216,
            55.8736825
          ],
          [
            -4.2872855,
            55.873734
          ]
        ]
      },
      "properties": {
        "segment_id": "s115",
        "from": "n133",
        "to": "n134",
        "length_m": 6,
        "highway": "footway",
        "osm_hint": ""
      }
    },
    {
      "type": "Feature",
      "geometry": {
        "type": "LineString",
        "coordinates": [
          [
            -4.2864298,
            55.8740004
          ],
          [
            -4.2865036,
            55.8740134
          ],
          [
            -4.2866348,
            55.874019
          ],
          [
            -4.2866698,
            55.8739962
          ],
          [
            -4.2867127,
            55.8739342
          ],
          [
            -4.2868363,
            55.8737575
          ]
        ]
      },
      "properties": {
        "segment_id": "s116",
        "from": "n135",
        "to": "n136",
        "length_m": 45,
        "highway": "service",
        "osm_hint": ""
      }
    },
    {
      "type": "Feature",
      "geometry": {
        "type": "LineString",
        "coordinates": [
          [
            -4.2868363,
            55.8737575
          ],
          [
            -4.2867707,
            55.8737424
          ]
        ]
      },
      "properties": {
        "segment_id": "s117",
        "from": "n136",
        "to": "n137",
        "length_m": 4,
        "highway": "steps",
        "osm_hint": "surface=asphalt"
      }
    },
    {
      "type": "Feature",
      "geometry": {
        "type": "LineString",
        "coordinates": [
          [
            -4.2867707,
            55.8737424
          ],
          [
            -4.2866824,
            55.8737222
          ],
          [
            -4.2867663,
            55.873595
          ],
          [
            -4.2867339,
            55.8735896
          ]
        ]
      },
      "properties": {
        "segment_id": "s118",
        "from": "n137",
        "to": "n138",
        "length_m": 23,
        "highway": "footway",
        "osm_hint": "surface=asphalt"
      }
    },
    {
      "type": "Feature",
      "geometry": {
        "type": "LineString",
        "coordinates": [
          [
            -4.2928645,
            55.8737938
          ],
          [
            -4.2927999,
            55.8737429
          ]
        ]
      },
      "properties": {
        "segment_id": "s119",
        "from": "n139",
        "to": "n140",
        "length_m": 7,
        "highway": "service",
        "osm_hint": "surface=asphalt"
      }
    },
    {
      "type": "Feature",
      "geometry": {
        "type": "LineString",
        "coordinates": [
          [
            -4.2919231,
            55.8722497
          ],
          [
            -4.2911201,
            55.8722332
          ]
        ]
      },
      "properties": {
        "segment_id": "s120",
        "from": "n47",
        "to": "n141",
        "length_m": 50,
        "highway": "service",
        "osm_hint": ""
      }
    },
    {
      "type": "Feature",
      "geometry": {
        "type": "LineString",
        "coordinates": [
          [
            -4.2949916,
            55.8727521
          ],
          [
            -4.2948903,
            55.8728435
          ]
        ]
      },
      "properties": {
        "segment_id": "s121",
        "from": "n142",
        "to": "n143",
        "length_m": 12,
        "highway": "pedestrian",
        "osm_hint": "surface=paving_stones"
      }
    },
    {
      "type": "Feature",
      "geometry": {
        "type": "LineString",
        "coordinates": [
          [
            -4.2948903,
            55.8728435
          ],
          [
            -4.2946733,
            55.8730428
          ],
          [
            -4.2946458,
            55.8731727
          ],
          [
            -4.2940829,
            55.8737468
          ]
        ]
      },
      "properties": {
        "segment_id": "s122",
        "from": "n143",
        "to": "n144",
        "length_m": 113,
        "highway": "pedestrian",
        "osm_hint": "surface=paving_stones"
      }
    },
    {
      "type": "Feature",
      "geometry": {
        "type": "LineString",
        "coordinates": [
          [
            -4.2942329,
            55.874359
          ],
          [
            -4.2946203,
            55.8741453
          ],
          [
            -4.2940451,
            55.8738784
          ]
        ]
      },
      "properties": {
        "segment_id": "s123",
        "from": "n145",
        "to": "n146",
        "length_m": 80,
        "highway": "service",
        "osm_hint": ""
      }
    },
    {
      "type": "Feature",
      "geometry": {
        "type": "LineString",
        "coordinates": [
          [
            -4.2923207,
            55.8739597
          ],
          [
            -4.2924028,
            55.8739302
          ]
        ]
      },
      "properties": {
        "segment_id": "s124",
        "from": "n7",
        "to": "n147",
        "length_m": 6,
        "highway": "footway",
        "osm_hint": "surface=concrete; wheelchair=no; lit=no"
      }
    },
    {
      "type": "Feature",
      "geometry": {
        "type": "LineString",
        "coordinates": [
          [
            -4.2928645,
            55.8737938
          ],
          [
            -4.2929981,
            55.8739014
          ],
          [
            -4.2931349,
            55.8740214
          ],
          [
            -4.2932659,
            55.8742697
          ]
        ]
      },
      "properties": {
        "segment_id": "s125",
        "from": "n139",
        "to": "n148",
        "length_m": 59,
        "highway": "pedestrian",
        "osm_hint": "surface=sett"
      }
    },
    {
      "type": "Feature",
      "geometry": {
        "type": "LineString",
        "coordinates": [
          [
            -4.2932659,
            55.8742697
          ],
          [
            -4.2932529,
            55.8743414
          ]
        ]
      },
      "properties": {
        "segment_id": "s126",
        "from": "n148",
        "to": "n149",
        "length_m": 8,
        "highway": "pedestrian",
        "osm_hint": "surface=sett"
      }
    },
    {
      "type": "Feature",
      "geometry": {
        "type": "LineString",
        "coordinates": [
          [
            -4.2932529,
            55.8743414
          ],
          [
            -4.2932523,
            55.874468
          ],
          [
            -4.2928677,
            55.8748798
          ],
          [
            -4.2933653,
            55.875027
          ],
          [
            -4.2937038,
            55.8750688
          ],
          [
            -4.2938573,
            55.8750994
          ]
        ]
      },
      "properties": {
        "segment_id": "s127",
        "from": "n149",
        "to": "n150",
        "length_m": 133,
        "highway": "pedestrian",
        "osm_hint": "surface=sett"
      }
    },
    {
      "type": "Feature",
      "geometry": {
        "type": "LineString",
        "coordinates": [
          [
            -4.2880792,
            55.8720618
          ],
          [
            -4.2883629,
            55.8721017
          ]
        ]
      },
      "properties": {
        "segment_id": "s128",
        "from": "n79",
        "to": "n151",
        "length_m": 18,
        "highway": "footway",
        "osm_hint": ""
      }
    },
    {
      "type": "Feature",
      "geometry": {
        "type": "LineString",
        "coordinates": [
          [
            -4.2885215,
            55.8718696
          ],
          [
            -4.2885122,
            55.8718912
          ],
          [
            -4.2884834,
            55.8719138
          ],
          [
            -4.2884315,
            55.8719367
          ]
        ]
      },
      "properties": {
        "segment_id": "s129",
        "from": "n152",
        "to": "n37",
        "length_m": 10,
        "highway": "footway",
        "osm_hint": ""
      }
    },
    {
      "type": "Feature",
      "geometry": {
        "type": "LineString",
        "coordinates": [
          [
            -4.2884315,
            55.8719367
          ],
          [
            -4.2883629,
            55.8721017
          ]
        ]
      },
      "properties": {
        "segment_id": "s130",
        "from": "n37",
        "to": "n151",
        "length_m": 19,
        "highway": "footway",
        "osm_hint": ""
      }
    },
    {
      "type": "Feature",
      "geometry": {
        "type": "LineString",
        "coordinates": [
          [
            -4.2883629,
            55.8721017
          ],
          [
            -4.2883501,
            55.872132
          ],
          [
            -4.2883419,
            55.8721472
          ],
          [
            -4.2883305,
            55.8721621
          ],
          [
            -4.2883155,
            55.872173
          ],
          [
            -4.288299,
            55.8721819
          ],
          [
            -4.2882776,
            55.8721892
          ],
          [
            -4.2882524,
            55.8721946
          ],
          [
            -4.2882232,
            55.8721969
          ],
          [
            -4.2881984,
            55.8721973
          ],
          [
            -4.2881729,
            55.8721958
          ]
        ]
      },
      "properties": {
        "segment_id": "s131",
        "from": "n151",
        "to": "n78",
        "length_m": 18,
        "highway": "footway",
        "osm_hint": ""
      }
    },
    {
      "type": "Feature",
      "geometry": {
        "type": "LineString",
        "coordinates": [
          [
            -4.2934463,
            55.8702894
          ],
          [
            -4.2924002,
            55.8703014
          ],
          [
            -4.292081,
            55.8702894
          ],
          [
            -4.291786,
            55.8702758
          ],
          [
            -4.2916036,
            55.8702578
          ],
          [
            -4.2913863,
            55.8702292
          ],
          [
            -4.2912227,
            55.8701991
          ],
          [
            -4.2910457,
            55.87016
          ],
          [
            -4.2909277,
            55.8701284
          ]
        ]
      },
      "properties": {
        "segment_id": "s132",
        "from": "n120",
        "to": "n153",
        "length_m": 160,
        "highway": "footway",
        "osm_hint": "surface=asphalt"
      }
    },
    {
      "type": "Feature",
      "geometry": {
        "type": "LineString",
        "coordinates": [
          [
            -4.2909277,
            55.8701284
          ],
          [
            -4.2906782,
            55.8700651
          ]
        ]
      },
      "properties": {
        "segment_id": "s133",
        "from": "n153",
        "to": "n154",
        "length_m": 17,
        "highway": "footway",
        "osm_hint": "surface=asphalt"
      }
    },
    {
      "type": "Feature",
      "geometry": {
        "type": "LineString",
        "coordinates": [
          [
            -4.2906782,
            55.8700651
          ],
          [
            -4.2905495,
            55.8700366
          ],
          [
            -4.2904422,
            55.870014
          ],
          [
            -4.290351,
            55.8700019
          ],
          [
            -4.2902759,
            55.8699944
          ],
          [
            -4.2902276,
            55.8699854
          ]
        ]
      },
      "properties": {
        "segment_id": "s134",
        "from": "n154",
        "to": "n155",
        "length_m": 30,
        "highway": "footway",
        "osm_hint": "surface=asphalt"
      }
    },
    {
      "type": "Feature",
      "geometry": {
        "type": "LineString",
        "coordinates": [
          [
            -4.2902276,
            55.8699854
          ],
          [
            -4.290182,
            55.8699733
          ],
          [
            -4.2901311,
            55.8699583
          ],
          [
            -4.290072,
            55.8699463
          ],
          [
            -4.2899165,
            55.8699207
          ],
          [
            -4.2896643,
            55.8698725
          ]
        ]
      },
      "properties": {
        "segment_id": "s135",
        "from": "n155",
        "to": "n156",
        "length_m": 37,
        "highway": "footway",
        "osm_hint": "surface=asphalt"
      }
    },
    {
      "type": "Feature",
      "geometry": {
        "type": "LineString",
        "coordinates": [
          [
            -4.2896643,
            55.8698725
          ],
          [
            -4.2895329,
            55.8698424
          ],
          [
            -4.2893344,
            55.8697928
          ],
          [
            -4.2890519,
            55.8697121
          ]
        ]
      },
      "properties": {
        "segment_id": "s136",
        "from": "n156",
        "to": "n157",
        "length_m": 42,
        "highway": "footway",
        "osm_hint": "surface=asphalt"
      }
    },
    {
      "type": "Feature",
      "geometry": {
        "type": "LineString",
        "coordinates": [
          [
            -4.2890519,
            55.8697121
          ],
          [
            -4.2888473,
            55.8696427
          ],
          [
            -4.2885147,
            55.8694952
          ],
          [
            -4.2884155,
            55.8694711
          ],
          [
            -4.288335,
            55.8694591
          ],
          [
            -4.2880158,
            55.8694169
          ],
          [
            -4.2879193,
            55.8694079
          ],
          [
            -4.2878495,
            55.8694049
          ],
          [
            -4.2877583,
            55.8694034
          ]
        ]
      },
      "properties": {
        "segment_id": "s137",
        "from": "n157",
        "to": "n158",
        "length_m": 90,
        "highway": "footway",
        "osm_hint": "surface=asphalt"
      }
    },
    {
      "type": "Feature",
      "geometry": {
        "type": "LineString",
        "coordinates": [
          [
            -4.2932529,
            55.8743414
          ],
          [
            -4.2934638,
            55.8744831
          ]
        ]
      },
      "properties": {
        "segment_id": "s138",
        "from": "n149",
        "to": "n159",
        "length_m": 21,
        "highway": "service",
        "osm_hint": ""
      }
    },
    {
      "type": "Feature",
      "geometry": {
        "type": "LineString",
        "coordinates": [
          [
            -4.2932659,
            55.8742697
          ],
          [
            -4.2930709,
            55.8743572
          ],
          [
            -4.2929502,
            55.8743686
          ],
          [
            -4.2928506,
            55.8743867
          ],
          [
            -4.2926636,
            55.8743342
          ]
        ]
      },
      "properties": {
        "segment_id": "s139",
        "from": "n148",
        "to": "n160",
        "length_m": 43,
        "highway": "footway",
        "osm_hint": "surface=asphalt; lit=yes"
      }
    },
    {
      "type": "Feature",
      "geometry": {
        "type": "LineString",
        "coordinates": [
          [
            -4.290393,
            55.8721847
          ],
          [
            -4.2902738,
            55.8721689
          ],
          [
            -4.2902121,
            55.8721409
          ]
        ]
      },
      "properties": {
        "segment_id": "s140",
        "from": "n161",
        "to": "n56",
        "length_m": 13,
        "highway": "footway",
        "osm_hint": ""
      }
    },
    {
      "type": "Feature",
      "geometry": {
        "type": "LineString",
        "coordinates": [
          [
            -4.290973,
            55.8714066
          ],
          [
            -4.2905584,
            55.8713535
          ]
        ]
      },
      "properties": {
        "segment_id": "s141",
        "from": "n162",
        "to": "n58",
        "length_m": 27,
        "highway": "footway",
        "osm_hint": ""
      }
    },
    {
      "type": "Feature",
      "geometry": {
        "type": "LineString",
        "coordinates": [
          [
            -4.2904609,
            55.872196
          ],
          [
            -4.290393,
            55.8721847
          ]
        ]
      },
      "properties": {
        "segment_id": "s142",
        "from": "n163",
        "to": "n161",
        "length_m": 4,
        "highway": "steps",
        "osm_hint": "incline=up; handrail=yes; ramp=no"
      }
    },
    {
      "type": "Feature",
      "geometry": {
        "type": "LineString",
        "coordinates": [
          [
            -4.2891716,
            55.8722053
          ],
          [
            -4.2890891,
            55.872376
          ],
          [
            -4.289069,
            55.8724044
          ]
        ]
      },
      "properties": {
        "segment_id": "s143",
        "from": "n164",
        "to": "n165",
        "length_m": 23,
        "highway": "service",
        "osm_hint": "surface=asphalt"
      }
    },
    {
      "type": "Feature",
      "geometry": {
        "type": "LineString",
        "coordinates": [
          [
            -4.289069,
            55.8724044
          ],
          [
            -4.2890265,
            55.8724645
          ]
        ]
      },
      "properties": {
        "segment_id": "s144",
        "from": "n165",
        "to": "n31",
        "length_m": 7,
        "highway": "service",
        "osm_hint": "surface=asphalt"
      }
    },
    {
      "type": "Feature",
      "geometry": {
        "type": "LineString",
        "coordinates": [
          [
            -4.2905362,
            55.8722311
          ],
          [
            -4.29065,
            55.872176
          ],
          [
            -4.290701,
            55.8720542
          ]
        ]
      },
      "properties": {
        "segment_id": "s145",
        "from": "n166",
        "to": "n167",
        "length_m": 23,
        "highway": "footway",
        "osm_hint": "lit=yes"
      }
    },
    {
      "type": "Feature",
      "geometry": {
        "type": "LineString",
        "coordinates": [
          [
            -4.290701,
            55.8720542
          ],
          [
            -4.290973,
            55.8714066
          ]
        ]
      },
      "properties": {
        "segment_id": "s146",
        "from": "n167",
        "to": "n162",
        "length_m": 74,
        "highway": "footway",
        "osm_hint": "lit=yes"
      }
    },
    {
      "type": "Feature",
      "geometry": {
        "type": "LineString",
        "coordinates": [
          [
            -4.290973,
            55.8714066
          ],
          [
            -4.290756,
            55.8711645
          ]
        ]
      },
      "properties": {
        "segment_id": "s147",
        "from": "n162",
        "to": "n15",
        "length_m": 30,
        "highway": "footway",
        "osm_hint": "lit=yes"
      }
    },
    {
      "type": "Feature",
      "geometry": {
        "type": "LineString",
        "coordinates": [
          [
            -4.2909092,
            55.8727001
          ],
          [
            -4.2909176,
            55.8726244
          ],
          [
            -4.2908975,
            55.8725714
          ],
          [
            -4.2906834,
            55.8723637
          ],
          [
            -4.2906483,
            55.8723321
          ]
        ]
      },
      "properties": {
        "segment_id": "s148",
        "from": "n168",
        "to": "n169",
        "length_m": 45,
        "highway": "footway",
        "osm_hint": "surface=paving_stones; lit=yes"
      }
    },
    {
      "type": "Feature",
      "geometry": {
        "type": "LineString",
        "coordinates": [
          [
            -4.2906483,
            55.8723321
          ],
          [
            -4.2905362,
            55.8722311
          ]
        ]
      },
      "properties": {
        "segment_id": "s149",
        "from": "n169",
        "to": "n166",
        "length_m": 13,
        "highway": "footway",
        "osm_hint": "surface=paving_stones; lit=yes"
      }
    },
    {
      "type": "Feature",
      "geometry": {
        "type": "LineString",
        "coordinates": [
          [
            -4.2905362,
            55.8722311
          ],
          [
            -4.2904609,
            55.872196
          ]
        ]
      },
      "properties": {
        "segment_id": "s150",
        "from": "n166",
        "to": "n163",
        "length_m": 6,
        "highway": "footway",
        "osm_hint": "surface=paving_stones; lit=yes"
      }
    },
    {
      "type": "Feature",
      "geometry": {
        "type": "LineString",
        "coordinates": [
          [
            -4.2892188,
            55.8721131
          ],
          [
            -4.2892314,
            55.8721527
          ],
          [
            -4.2892106,
            55.8721908
          ],
          [
            -4.2891716,
            55.8722053
          ]
        ]
      },
      "properties": {
        "segment_id": "s151",
        "from": "n4",
        "to": "n164",
        "length_m": 12,
        "highway": "service",
        "osm_hint": "surface=asphalt"
      }
    },
    {
      "type": "Feature",
      "geometry": {
        "type": "LineString",
        "coordinates": [
          [
            -4.2891716,
            55.8722053
          ],
          [
            -4.2891525,
            55.8721821
          ],
          [
            -4.2891706,
            55.8721431
          ],
          [
            -4.2892188,
            55.8721131
          ]
        ]
      },
      "properties": {
        "segment_id": "s152",
        "from": "n164",
        "to": "n4",
        "length_m": 12,
        "highway": "service",
        "osm_hint": "surface=asphalt"
      }
    },
    {
      "type": "Feature",
      "geometry": {
        "type": "LineString",
        "coordinates": [
          [
            -4.2925974,
            55.8742659
          ],
          [
            -4.292677,
            55.8742836
          ],
          [
            -4.2926876,
            55.8742884
          ],
          [
            -4.2926636,
            55.8743342
          ]
        ]
      },
      "properties": {
        "segment_id": "s153",
        "from": "n170",
        "to": "n160",
        "length_m": 11,
        "highway": "steps",
        "osm_hint": "surface=concrete; incline=down; tactile_paving=no; handrail=yes; step_count=24; lit=yes; ramp=no"
      }
    },
    {
      "type": "Feature",
      "geometry": {
        "type": "LineString",
        "coordinates": [
          [
            -4.2865046,
            55.8741325
          ],
          [
            -4.2868468,
            55.8742272
          ]
        ]
      },
      "properties": {
        "segment_id": "s154",
        "from": "n123",
        "to": "n171",
        "length_m": 24,
        "highway": "service",
        "osm_hint": ""
      }
    },
    {
      "type": "Feature",
      "geometry": {
        "type": "LineString",
        "coordinates": [
          [
            -4.2906782,
            55.8700651
          ],
          [
            -4.2903429,
            55.8701193
          ]
        ]
      },
      "properties": {
        "segment_id": "s155",
        "from": "n154",
        "to": "n172",
        "length_m": 22,
        "highway": "path",
        "osm_hint": "surface=dirt"
      }
    },
    {
      "type": "Feature",
      "geometry": {
        "type": "LineString",
        "coordinates": [
          [
            -4.2899568,
            55.870209
          ],
          [
            -4.2901321,
            55.8700747
          ]
        ]
      },
      "properties": {
        "segment_id": "s156",
        "from": "n173",
        "to": "n174",
        "length_m": 19,
        "highway": "steps",
        "osm_hint": "surface=concrete; incline=down; lit=no; ramp=no"
      }
    },
    {
      "type": "Feature",
      "geometry": {
        "type": "LineString",
        "coordinates": [
          [
            -4.2901321,
            55.8700747
          ],
          [
            -4.2902276,
            55.8699854
          ]
        ]
      },
      "properties": {
        "segment_id": "s157",
        "from": "n174",
        "to": "n155",
        "length_m": 12,
        "highway": "steps",
        "osm_hint": "surface=concrete; incline=down; lit=no; ramp=no"
      }
    },
    {
      "type": "Feature",
      "geometry": {
        "type": "LineString",
        "coordinates": [
          [
            -4.2877583,
            55.8694034
          ],
          [
            -4.2879561,
            55.8695762
          ],
          [
            -4.2880688,
            55.869668
          ],
          [
            -4.2882109,
            55.8697688
          ],
          [
            -4.2886564,
            55.8699305
          ],
          [
            -4.2888902,
            55.8700776
          ],
          [
            -4.2890267,
            55.8701975
          ]
        ]
      },
      "properties": {
        "segment_id": "s158",
        "from": "n158",
        "to": "n122",
        "length_m": 120,
        "highway": "footway",
        "osm_hint": "surface=asphalt"
      }
    },
    {
      "type": "Feature",
      "geometry": {
        "type": "LineString",
        "coordinates": [
          [
            -4.2896643,
            55.8698725
          ],
          [
            -4.2899662,
            55.8700324
          ],
          [
            -4.2901321,
            55.8700747
          ]
        ]
      },
      "properties": {
        "segment_id": "s159",
        "from": "n156",
        "to": "n174",
        "length_m": 37,
        "highway": "path",
        "osm_hint": ""
      }
    },
    {
      "type": "Feature",
      "geometry": {
        "type": "LineString",
        "coordinates": [
          [
            -4.2901321,
            55.8700747
          ],
          [
            -4.2903429,
            55.8701193
          ]
        ]
      },
      "properties": {
        "segment_id": "s160",
        "from": "n174",
        "to": "n172",
        "length_m": 14,
        "highway": "path",
        "osm_hint": ""
      }
    },
    {
      "type": "Feature",
      "geometry": {
        "type": "LineString",
        "coordinates": [
          [
            -4.2903429,
            55.8701193
          ],
          [
            -4.290469,
            55.8701419
          ],
          [
            -4.2905575,
            55.8701539
          ],
          [
            -4.2906407,
            55.87016
          ],
          [
            -4.2907185,
            55.8701585
          ],
          [
            -4.2908123,
            55.8701494
          ],
          [
            -4.2909277,
            55.8701284
          ]
        ]
      },
      "properties": {
        "segment_id": "s161",
        "from": "n172",
        "to": "n153",
        "length_m": 38,
        "highway": "path",
        "osm_hint": ""
      }
    },
    {
      "type": "Feature",
      "geometry": {
        "type": "LineString",
        "coordinates": [
          [
            -4.2890519,
            55.8697121
          ],
          [
            -4.2892153,
            55.8698265
          ],
          [
            -4.289563,
            55.8699852
          ],
          [
            -4.2899568,
            55.870209
          ]
        ]
      },
      "properties": {
        "segment_id": "s162",
        "from": "n157",
        "to": "n173",
        "length_m": 79,
        "highway": "footway",
        "osm_hint": ""
      }
    },
    {
      "type": "Feature",
      "geometry": {
        "type": "LineString",
        "coordinates": [
          [
            -4.2899568,
            55.870209
          ],
          [
            -4.2900105,
            55.8702391
          ],
          [
            -4.2900668,
            55.8702602
          ],
          [
            -4.2902143,
            55.8703008
          ],
          [
            -4.2908231,
            55.8704258
          ],
          [
            -4.291081,
            55.8705062
          ],
          [
            -4.2915204,
            55.8706746
          ]
        ]
      },
      "properties": {
        "segment_id": "s163",
        "from": "n173",
        "to": "n121",
        "length_m": 111,
        "highway": "footway",
        "osm_hint": ""
      }
    },
    {
      "type": "Feature",
      "geometry": {
        "type": "LineString",
        "coordinates": [
          [
            -4.2924326,
            55.8729718
          ],
          [
            -4.2924721,
            55.8729409
          ]
        ]
      },
      "properties": {
        "segment_id": "s164",
        "from": "n175",
        "to": "n176",
        "length_m": 4,
        "highway": "pedestrian",
        "osm_hint": "surface=paving_stones"
      }
    },
    {
      "type": "Feature",
      "geometry": {
        "type": "LineString",
        "coordinates": [
          [
            -4.2924721,
            55.8729409
          ],
          [
            -4.292525,
            55.8728988
          ],
          [
            -4.2927249,
            55.8727575
          ]
        ]
      },
      "properties": {
        "segment_id": "s165",
        "from": "n176",
        "to": "n177",
        "length_m": 26,
        "highway": "pedestrian",
        "osm_hint": "surface=paving_stones"
      }
    },
    {
      "type": "Feature",
      "geometry": {
        "type": "LineString",
        "coordinates": [
          [
            -4.2927249,
            55.8727575
          ],
          [
            -4.2927669,
            55.8727377
          ],
          [
            -4.2928246,
            55.8727234
          ],
          [
            -4.2928809,
            55.8727159
          ],
          [
            -4.2929406,
            55.8727146
          ]
        ]
      },
      "properties": {
        "segment_id": "s166",
        "from": "n177",
        "to": "n132",
        "length_m": 15,
        "highway": "pedestrian",
        "osm_hint": "surface=paving_stones"
      }
    },
    {
      "type": "Feature",
      "geometry": {
        "type": "LineString",
        "coordinates": [
          [
            -4.2929406,
            55.8727146
          ],
          [
            -4.2940937,
            55.8727264
          ]
        ]
      },
      "properties": {
        "segment_id": "s167",
        "from": "n132",
        "to": "n178",
        "length_m": 72,
        "highway": "pedestrian",
        "osm_hint": "surface=paving_stones"
      }
    },
    {
      "type": "Feature",
      "geometry": {
        "type": "LineString",
        "coordinates": [
          [
            -4.2940937,
            55.8727264
          ],
          [
            -4.2942096,
            55.8727285
          ]
        ]
      },
      "properties": {
        "segment_id": "s168",
        "from": "n178",
        "to": "n179",
        "length_m": 7,
        "highway": "pedestrian",
        "osm_hint": "surface=paving_stones"
      }
    },
    {
      "type": "Feature",
      "geometry": {
        "type": "LineString",
        "coordinates": [
          [
            -4.2942096,
            55.8727285
          ],
          [
            -4.2944897,
            55.8727335
          ]
        ]
      },
      "properties": {
        "segment_id": "s169",
        "from": "n179",
        "to": "n59",
        "length_m": 17,
        "highway": "pedestrian",
        "osm_hint": "surface=paving_stones"
      }
    },
    {
      "type": "Feature",
      "geometry": {
        "type": "LineString",
        "coordinates": [
          [
            -4.2943107,
            55.874444
          ],
          [
            -4.294469,
            55.8745502
          ]
        ]
      },
      "properties": {
        "segment_id": "s170",
        "from": "n180",
        "to": "n181",
        "length_m": 15,
        "highway": "footway",
        "osm_hint": "lit=yes"
      }
    },
    {
      "type": "Feature",
      "geometry": {
        "type": "LineString",
        "coordinates": [
          [
            -4.2921813,
            55.8713706
          ],
          [
            -4.2918505,
            55.8712039
          ]
        ]
      },
      "properties": {
        "segment_id": "s171",
        "from": "n42",
        "to": "n12",
        "length_m": 28,
        "highway": "footway",
        "osm_hint": ""
      }
    },
    {
      "type": "Feature",
      "geometry": {
        "type": "LineString",
        "coordinates": [
          [
            -4.2918505,
            55.8712039
          ],
          [
            -4.2918065,
            55.8710831
          ]
        ]
      },
      "properties": {
        "segment_id": "s172",
        "from": "n12",
        "to": "n182",
        "length_m": 14,
        "highway": "footway",
        "osm_hint": ""
      }
    },
    {
      "type": "Feature",
      "geometry": {
        "type": "LineString",
        "coordinates": [
          [
            -4.2912749,
            55.8727232
          ],
          [
            -4.2913106,
            55.8726247
          ],
          [
            -4.2914064,
            55.8725887
          ]
        ]
      },
      "properties": {
        "segment_id": "s173",
        "from": "n183",
        "to": "n184",
        "length_m": 18,
        "highway": "footway",
        "osm_hint": ""
      }
    },
    {
      "type": "Feature",
      "geometry": {
        "type": "LineString",
        "coordinates": [
          [
            -4.2871699,
            55.8696617
          ],
          [
            -4.2872021,
            55.8696914
          ],
          [
            -4.2872153,
            55.8697254
          ],
          [
            -4.2872081,
            55.8697599
          ],
          [
            -4.2871813,
            55.8697913
          ],
          [
            -4.2871377,
            55.869816
          ],
          [
            -4.2870821,
            55.8698315
          ],
          [
            -4.2870206,
            55.8698359
          ],
          [
            -4.2869598,
            55.8698288
          ],
          [
            -4.2869065,
            55.8698111
          ],
          [
            -4.2868664,
            55.8697846
          ],
          [
            -4.2868438,
            55.8697522
          ],
          [
            -4.2868413,
            55.8697176
          ],
          [
            -4.2868588,
            55.8696845
          ],
          [
            -4.2868944,
            55.8696563
          ],
          [
            -4.2869444,
            55.8696361
          ],
          [
            -4.2870034,
            55.869626
          ],
          [
            -4.2870649,
            55.8696272
          ],
          [
            -4.2871225,
            55.8696396
          ],
          [
            -4.2871699,
            55.8696617
          ]
        ]
      },
      "properties": {
        "segment_id": "s174",
        "from": "n185",
        "to": "n185",
        "length_m": 73,
        "highway": "pedestrian",
        "osm_hint": "surface=asphalt"
      }
    },
    {
      "type": "Feature",
      "geometry": {
        "type": "LineString",
        "coordinates": [
          [
            -4.2906483,
            55.8723321
          ],
          [
            -4.2908442,
            55.8723043
          ],
          [
            -4.2910099,
            55.8722641
          ]
        ]
      },
      "properties": {
        "segment_id": "s175",
        "from": "n169",
        "to": "n186",
        "length_m": 24,
        "highway": "footway",
        "osm_hint": ""
      }
    },
    {
      "type": "Feature",
      "geometry": {
        "type": "LineString",
        "coordinates": [
          [
            -4.2910099,
            55.8722641
          ],
          [
            -4.2909938,
            55.8722238
          ],
          [
            -4.290701,
            55.8720542
          ]
        ]
      },
      "properties": {
        "segment_id": "s176",
        "from": "n186",
        "to": "n167",
        "length_m": 31,
        "highway": "footway",
        "osm_hint": "lit=yes"
      }
    },
    {
      "type": "Feature",
      "geometry": {
        "type": "LineString",
        "coordinates": [
          [
            -4.2911201,
            55.8722332
          ],
          [
            -4.2911227,
            55.8722495
          ],
          [
            -4.2911225,
            55.8722637
          ],
          [
            -4.2910099,
            55.8722641
          ]
        ]
      },
      "properties": {
        "segment_id": "s177",
        "from": "n141",
        "to": "n186",
        "length_m": 10,
        "highway": "steps",
        "osm_hint": "incline=up"
      }
    },
    {
      "type": "Feature",
      "geometry": {
        "type": "LineString",
        "coordinates": [
          [
            -4.2880684,
            55.8708292
          ],
          [
            -4.2880763,
            55.8708062
          ]
        ]
      },
      "properties": {
        "segment_id": "s178",
        "from": "n187",
        "to": "n20",
        "length_m": 3,
        "highway": "footway",
        "osm_hint": "surface=asphalt"
      }
    },
    {
      "type": "Feature",
      "geometry": {
        "type": "LineString",
        "coordinates": [
          [
            -4.289372,
            55.8710023
          ],
          [
            -4.2893465,
            55.8710557
          ]
        ]
      },
      "properties": {
        "segment_id": "s179",
        "from": "n188",
        "to": "n189",
        "length_m": 6,
        "highway": "steps",
        "osm_hint": "incline=up; handrail=yes; step_count=4; ramp=no"
      }
    },
    {
      "type": "Feature",
      "geometry": {
        "type": "LineString",
        "coordinates": [
          [
            -4.2892982,
            55.8711594
          ],
          [
            -4.2893221,
            55.8711109
          ]
        ]
      },
      "properties": {
        "segment_id": "s180",
        "from": "n190",
        "to": "n191",
        "length_m": 6,
        "highway": "footway",
        "osm_hint": ""
      }
    },
    {
      "type": "Feature",
      "geometry": {
        "type": "LineString",
        "coordinates": [
          [
            -4.2893221,
            55.8711109
          ],
          [
            -4.2893465,
            55.8710557
          ]
        ]
      },
      "properties": {
        "segment_id": "s181",
        "from": "n191",
        "to": "n189",
        "length_m": 6,
        "highway": "footway",
        "osm_hint": ""
      }
    },
    {
      "type": "Feature",
      "geometry": {
        "type": "LineString",
        "coordinates": [
          [
            -4.2880684,
            55.8708292
          ],
          [
            -4.2880469,
            55.8708792
          ]
        ]
      },
      "properties": {
        "segment_id": "s182",
        "from": "n187",
        "to": "n192",
        "length_m": 6,
        "highway": "steps",
        "osm_hint": "surface=concrete; incline=up; tactile_paving=no; handrail=yes; step_count=8; ramp=no"
      }
    },
    {
      "type": "Feature",
      "geometry": {
        "type": "LineString",
        "coordinates": [
          [
            -4.2899902,
            55.8711927
          ],
          [
            -4.2899091,
            55.8711858
          ]
        ]
      },
      "properties": {
        "segment_id": "s183",
        "from": "n193",
        "to": "n194",
        "length_m": 5,
        "highway": "steps",
        "osm_hint": "incline=up; handrail=yes; ramp=no"
      }
    },
    {
      "type": "Feature",
      "geometry": {
        "type": "LineString",
        "coordinates": [
          [
            -4.2880031,
            55.870986
          ],
          [
            -4.2880201,
            55.8709396
          ]
        ]
      },
      "properties": {
        "segment_id": "s184",
        "from": "n195",
        "to": "n196",
        "length_m": 5,
        "highway": "footway",
        "osm_hint": "surface=asphalt"
      }
    },
    {
      "type": "Feature",
      "geometry": {
        "type": "LineString",
        "coordinates": [
          [
            -4.2880201,
            55.8709396
          ],
          [
            -4.2880469,
            55.8708792
          ]
        ]
      },
      "properties": {
        "segment_id": "s185",
        "from": "n196",
        "to": "n192",
        "length_m": 7,
        "highway": "footway",
        "osm_hint": "surface=asphalt"
      }
    },
    {
      "type": "Feature",
      "geometry": {
        "type": "LineString",
        "coordinates": [
          [
            -4.2900732,
            55.8712012
          ],
          [
            -4.2899902,
            55.8711927
          ]
        ]
      },
      "properties": {
        "segment_id": "s186",
        "from": "n23",
        "to": "n193",
        "length_m": 5,
        "highway": "footway",
        "osm_hint": ""
      }
    },
    {
      "type": "Feature",
      "geometry": {
        "type": "LineString",
        "coordinates": [
          [
            -4.289372,
            55.8710023
          ],
          [
            -4.2893803,
            55.8709844
          ]
        ]
      },
      "properties": {
        "segment_id": "s187",
        "from": "n188",
        "to": "n18",
        "length_m": 2,
        "highway": "footway",
        "osm_hint": ""
      }
    },
    {
      "type": "Feature",
      "geometry": {
        "type": "LineString",
        "coordinates": [
          [
            -4.2886844,
            55.8709905
          ],
          [
            -4.2889655,
            55.8710282
          ],
          [
            -4.2889527,
            55.8710593
          ],
          [
            -4.2893221,
            55.8711109
          ]
        ]
      },
      "properties": {
        "segment_id": "s188",
        "from": "n197",
        "to": "n191",
        "length_m": 45,
        "highway": "service",
        "osm_hint": "surface=asphalt"
      }
    },
    {
      "type": "Feature",
      "geometry": {
        "type": "LineString",
        "coordinates": [
          [
            -4.2893221,
            55.8711109
          ],
          [
            -4.2899091,
            55.8711858
          ]
        ]
      },
      "properties": {
        "segment_id": "s189",
        "from": "n191",
        "to": "n194",
        "length_m": 38,
        "highway": "service",
        "osm_hint": "surface=asphalt"
      }
    },
    {
      "type": "Feature",
      "geometry": {
        "type": "LineString",
        "coordinates": [
          [
            -4.2887311,
            55.8708922
          ],
          [
            -4.2886844,
            55.8709905
          ]
        ]
      },
      "properties": {
        "segment_id": "s190",
        "from": "n19",
        "to": "n197",
        "length_m": 11,
        "highway": "service",
        "osm_hint": "surface=asphalt"
      }
    },
    {
      "type": "Feature",
      "geometry": {
        "type": "LineString",
        "coordinates": [
          [
            -4.2886844,
            55.8709905
          ],
          [
            -4.2884269,
            55.8709578
          ],
          [
            -4.2884143,
            55.8709906
          ],
          [
            -4.2880201,
            55.8709396
          ]
        ]
      },
      "properties": {
        "segment_id": "s191",
        "from": "n197",
        "to": "n196",
        "length_m": 45,
        "highway": "service",
        "osm_hint": "surface=asphalt"
      }
    },
    {
      "type": "Feature",
      "geometry": {
        "type": "LineString",
        "coordinates": [
          [
            -4.2930297,
            55.8734273
          ],
          [
            -4.2928446,
            55.8735032
          ]
        ]
      },
      "properties": {
        "segment_id": "s192",
        "from": "n198",
        "to": "n199",
        "length_m": 14,
        "highway": "steps",
        "osm_hint": "incline=up; handrail=yes"
      }
    },
    {
      "type": "Feature",
      "geometry": {
        "type": "LineString",
        "coordinates": [
          [
            -4.2904824,
            55.8715001
          ],
          [
            -4.2900142,
            55.8714396
          ]
        ]
      },
      "properties": {
        "segment_id": "s193",
        "from": "n57",
        "to": "n52",
        "length_m": 30,
        "highway": "service",
        "osm_hint": ""
      }
    },
    {
      "type": "Feature",
      "geometry": {
        "type": "LineString",
        "coordinates": [
          [
            -4.2930415,
            55.8726159
          ],
          [
            -4.292948,
            55.8726157
          ]
        ]
      },
      "properties": {
        "segment_id": "s194",
        "from": "n200",
        "to": "n131",
        "length_m": 6,
        "highway": "pedestrian",
        "osm_hint": "surface=paving_stones"
      }
    },
    {
      "type": "Feature",
      "geometry": {
        "type": "LineString",
        "coordinates": [
          [
            -4.292948,
            55.8726157
          ],
          [
            -4.2929169,
            55.8726156
          ],
          [
            -4.2920518,
            55.8726064
          ],
          [
            -4.2920467,
            55.8726203
          ],
          [
            -4.2920342,
            55.8726298
          ]
        ]
      },
      "properties": {
        "segment_id": "s195",
        "from": "n131",
        "to": "n201",
        "length_m": 59,
        "highway": "pedestrian",
        "osm_hint": "surface=paving_stones"
      }
    },
    {
      "type": "Feature",
      "geometry": {
        "type": "LineString",
        "coordinates": [
          [
            -4.2920342,
            55.8726298
          ],
          [
            -4.2920181,
            55.8726395
          ],
          [
            -4.2919204,
            55.872638
          ],
          [
            -4.2919107,
            55.872638
          ]
        ]
      },
      "properties": {
        "segment_id": "s196",
        "from": "n201",
        "to": "n49",
        "length_m": 8,
        "highway": "pedestrian",
        "osm_hint": "surface=paving_stones"
      }
    },
    {
      "type": "Feature",
      "geometry": {
        "type": "LineString",
        "coordinates": [
          [
            -4.2919107,
            55.872638
          ],
          [
            -4.29188,
            55.8726379
          ],
          [
            -4.2915901,
            55.8726357
          ],
          [
            -4.2915336,
            55.8726335
          ],
          [
            -4.291523,
            55.8727121
          ],
          [
            -4.2917208,
            55.8727366
          ],
          [
            -4.2918181,
            55.872752
          ],
          [
            -4.2918855,
            55.8727677
          ]
        ]
      },
      "properties": {
        "segment_id": "s197",
        "from": "n49",
        "to": "n50",
        "length_m": 56,
        "highway": "pedestrian",
        "osm_hint": "surface=paving_stones"
      }
    },
    {
      "type": "Feature",
      "geometry": {
        "type": "LineString",
        "coordinates": [
          [
            -4.2918855,
            55.8727677
          ],
          [
            -4.2919254,
            55.8727742
          ],
          [
            -4.2921238,
            55.8728231
          ],
          [
            -4.292272,
            55.8728671
          ],
          [
            -4.2923716,
            55.8729005
          ],
          [
            -4.2924721,
            55.8729409
          ]
        ]
      },
      "properties": {
        "segment_id": "s198",
        "from": "n50",
        "to": "n176",
        "length_m": 42,
        "highway": "pedestrian",
        "osm_hint": "surface=paving_stones"
      }
    },
    {
      "type": "Feature",
      "geometry": {
        "type": "LineString",
        "coordinates": [
          [
            -4.2924721,
            55.8729409
          ],
          [
            -4.2925872,
            55.8729871
          ],
          [
            -4.292698,
            55.8730405
          ]
        ]
      },
      "properties": {
        "segment_id": "s199",
        "from": "n176",
        "to": "n202",
        "length_m": 18,
        "highway": "pedestrian",
        "osm_hint": "surface=paving_stones"
      }
    },
    {
      "type": "Feature",
      "geometry": {
        "type": "LineString",
        "coordinates": [
          [
            -4.292698,
            55.8730405
          ],
          [
            -4.2927302,
            55.873056
          ],
          [
            -4.2927986,
            55.8730111
          ],
          [
            -4.2928467,
            55.8729602
          ],
          [
            -4.2928809,
            55.8729365
          ],
          [
            -4.2929129,
            55.8729176
          ],
          [
            -4.2929617,
            55.8728951
          ],
          [
            -4.2930083,
            55.8728785
          ],
          [
            -4.2930683,
            55.8728632
          ],
          [
            -4.2931229,
            55.8728531
          ],
          [
            -4.2931971,
            55.8728464
          ],
          [
            -4.2932642,
            55.8728452
          ],
          [
            -4.2932631,
            55.8728164
          ],
          [
            -4.2934388,
            55.872819
          ],
          [
            -4.2934395,
            55.8727806
          ],
          [
            -4.2943937,
            55.8727994
          ],
          [
            -4.2943923,
            55.8728299
          ],
          [
            -4.2944929,
            55.872831
          ],
          [
            -4.2944929,
            55.8727945
          ],
          [
            -4.2947759,
            55.8727975
          ],
          [
            -4.2948335,
            55.8728231
          ],
          [
            -4.2948903,
            55.8728435
          ]
        ]
      },
      "properties": {
        "segment_id": "s200",
        "from": "n202",
        "to": "n143",
        "length_m": 164,
        "highway": "pedestrian",
        "osm_hint": "surface=paving_stones"
      }
    },
    {
      "type": "Feature",
      "geometry": {
        "type": "LineString",
        "coordinates": [
          [
            -4.2948903,
            55.8728435
          ],
          [
            -4.294975,
            55.8728739
          ],
          [
            -4.2950166,
            55.8728363
          ],
          [
            -4.2952473,
            55.8728408
          ],
          [
            -4.2952488,
            55.8727584
          ],
          [
            -4.2952506,
            55.8726583
          ],
          [
            -4.2951701,
            55.8726556
          ],
          [
            -4.2947061,
            55.8726399
          ],
          [
            -4.2942139,
            55.8726325
          ]
        ]
      },
      "properties": {
        "segment_id": "s201",
        "from": "n143",
        "to": "n203",
        "length_m": 111,
        "highway": "pedestrian",
        "osm_hint": "surface=paving_stones"
      }
    },
    {
      "type": "Feature",
      "geometry": {
        "type": "LineString",
        "coordinates": [
          [
            -4.2942139,
            55.8726325
          ],
          [
            -4.2940987,
            55.8726308
          ]
        ]
      },
      "properties": {
        "segment_id": "s202",
        "from": "n203",
        "to": "n204",
        "length_m": 7,
        "highway": "pedestrian",
        "osm_hint": "surface=paving_stones"
      }
    },
    {
      "type": "Feature",
      "geometry": {
        "type": "LineString",
        "coordinates": [
          [
            -4.2940987,
            55.8726308
          ],
          [
            -4.2933523,
            55.8726196
          ],
          [
            -4.2930415,
            55.8726159
          ]
        ]
      },
      "properties": {
        "segment_id": "s203",
        "from": "n204",
        "to": "n200",
        "length_m": 66,
        "highway": "pedestrian",
        "osm_hint": "surface=paving_stones"
      }
    },
    {
      "type": "Feature",
      "geometry": {
        "type": "LineString",
        "coordinates": [
          [
            -4.2926519,
            55.8721213
          ],
          [
            -4.2928873,
            55.8720194
          ]
        ]
      },
      "properties": {
        "segment_id": "s204",
        "from": "n129",
        "to": "n205",
        "length_m": 19,
        "highway": "service",
        "osm_hint": ""
      }
    },
    {
      "type": "Feature",
      "geometry": {
        "type": "LineString",
        "coordinates": [
          [
            -4.2910286,
            55.8711944
          ],
          [
            -4.2909225,
            55.8709068
          ]
        ]
      },
      "properties": {
        "segment_id": "s205",
        "from": "n14",
        "to": "n206",
        "length_m": 33,
        "highway": "service",
        "osm_hint": "surface=asphalt"
      }
    },
    {
      "type": "Feature",
      "geometry": {
        "type": "LineString",
        "coordinates": [
          [
            -4.2921731,
            55.8714225
          ],
          [
            -4.2916582,
            55.8713528
          ]
        ]
      },
      "properties": {
        "segment_id": "s206",
        "from": "n43",
        "to": "n207",
        "length_m": 33,
        "highway": "service",
        "osm_hint": "surface=asphalt"
      }
    },
    {
      "type": "Feature",
      "geometry": {
        "type": "LineString",
        "coordinates": [
          [
            -4.2922044,
            55.8718447
          ],
          [
            -4.2920507,
            55.8718319
          ]
        ]
      },
      "properties": {
        "segment_id": "s207",
        "from": "n208",
        "to": "n45",
        "length_m": 10,
        "highway": "footway",
        "osm_hint": ""
      }
    },
    {
      "type": "Feature",
      "geometry": {
        "type": "LineString",
        "coordinates": [
          [
            -4.2929676,
            55.872342
          ],
          [
            -4.2932828,
            55.8721892
          ]
        ]
      },
      "properties": {
        "segment_id": "s208",
        "from": "n130",
        "to": "n209",
        "length_m": 26,
        "highway": "footway",
        "osm_hint": ""
      }
    },
    {
      "type": "Feature",
      "geometry": {
        "type": "LineString",
        "coordinates": [
          [
            -4.2928873,
            55.8720194
          ],
          [
            -4.2929795,
            55.8719726
          ]
        ]
      },
      "properties": {
        "segment_id": "s209",
        "from": "n205",
        "to": "n210",
        "length_m": 8,
        "highway": "steps",
        "osm_hint": ""
      }
    },
    {
      "type": "Feature",
      "geometry": {
        "type": "LineString",
        "coordinates": [
          [
            -4.2921457,
            55.871586
          ],
          [
            -4.2931911,
            55.8717181
          ],
          [
            -4.2931269,
            55.871862
          ]
        ]
      },
      "properties": {
        "segment_id": "s210",
        "from": "n44",
        "to": "n211",
        "length_m": 83,
        "highway": "service",
        "osm_hint": ""
      }
    },
    {
      "type": "Feature",
      "geometry": {
        "type": "LineString",
        "coordinates": [
          [
            -4.2914064,
            55.8725887
          ],
          [
            -4.2919125,
            55.8725967
          ]
        ]
      },
      "properties": {
        "segment_id": "s211",
        "from": "n184",
        "to": "n48",
        "length_m": 32,
        "highway": "service",
        "osm_hint": ""
      }
    },
    {
      "type": "Feature",
      "geometry": {
        "type": "LineString",
        "coordinates": [
          [
            -4.2921221,
            55.8742079
          ],
          [
            -4.2921395,
            55.8743855
          ]
        ]
      },
      "properties": {
        "segment_id": "s212",
        "from": "n212",
        "to": "n213",
        "length_m": 20,
        "highway": "footway",
        "osm_hint": "surface=paving_stones; lit=yes"
      }
    },
    {
      "type": "Feature",
      "geometry": {
        "type": "LineString",
        "coordinates": [
          [
            -4.2921395,
            55.8743855
          ],
          [
            -4.2921606,
            55.874602
          ],
          [
            -4.2921326,
            55.8746309
          ],
          [
            -4.2920875,
            55.8746776
          ],
          [
            -4.2920121,
            55.8747486
          ],
          [
            -4.2919326,
            55.8747871
          ],
          [
            -4.2917638,
            55.8748545
          ],
          [
            -4.2917007,
            55.8748861
          ]
        ]
      },
      "properties": {
        "segment_id": "s213",
        "from": "n213",
        "to": "n214",
        "length_m": 68,
        "highway": "footway",
        "osm_hint": "surface=paving_stones; lit=yes"
      }
    },
    {
      "type": "Feature",
      "geometry": {
        "type": "LineString",
        "coordinates": [
          [
            -4.2858837,
            55.8727293
          ],
          [
            -4.2857098,
            55.8726975
          ]
        ]
      },
      "properties": {
        "segment_id": "s214",
        "from": "n215",
        "to": "n216",
        "length_m": 11,
        "highway": "steps",
        "osm_hint": "surface=concrete; incline=up; tactile_paving=no; handrail=yes; step_count=9; ramp=no"
      }
    },
    {
      "type": "Feature",
      "geometry": {
        "type": "LineString",
        "coordinates": [
          [
            -4.2858219,
            55.8728126
          ],
          [
            -4.2854302,
            55.8727222
          ]
        ]
      },
      "properties": {
        "segment_id": "s215",
        "from": "n217",
        "to": "n218",
        "length_m": 26,
        "highway": "service",
        "osm_hint": "surface=asphalt"
      }
    },
    {
      "type": "Feature",
      "geometry": {
        "type": "LineString",
        "coordinates": [
          [
            -4.2873595,
            55.8707142
          ],
          [
            -4.2871762,
            55.8711549
          ]
        ]
      },
      "properties": {
        "segment_id": "s216",
        "from": "n21",
        "to": "n219",
        "length_m": 50,
        "highway": "service",
        "osm_hint": "surface=asphalt"
      }
    },
    {
      "type": "Feature",
      "geometry": {
        "type": "LineString",
        "coordinates": [
          [
            -4.285092,
            55.8727551
          ],
          [
            -4.2852675,
            55.8725466
          ]
        ]
      },
      "properties": {
        "segment_id": "s217",
        "from": "n220",
        "to": "n221",
        "length_m": 26,
        "highway": "service",
        "osm_hint": "surface=asphalt"
      }
    },
    {
      "type": "Feature",
      "geometry": {
        "type": "LineString",
        "coordinates": [
          [
            -4.2897947,
            55.8734617
          ],
          [
            -4.2897896,
            55.8734698
          ],
          [
            -4.2895821,
            55.8738561
          ],
          [
            -4.2894675,
            55.8738378
          ]
        ]
      },
      "properties": {
        "segment_id": "s218",
        "from": "n222",
        "to": "n223",
        "length_m": 53,
        "highway": "footway",
        "osm_hint": "surface=paving_stones; lit=yes"
      }
    },
    {
      "type": "Feature",
      "geometry": {
        "type": "LineString",
        "coordinates": [
          [
            -4.2903673,
            55.8735392
          ],
          [
            -4.2903918,
            55.8735427
          ]
        ]
      },
      "properties": {
        "segment_id": "s219",
        "from": "n224",
        "to": "n225",
        "length_m": 2,
        "highway": "steps",
        "osm_hint": "surface=concrete; incline=down; handrail=yes; step_count=6; lit=no; ramp=no"
      }
    },
    {
      "type": "Feature",
      "geometry": {
        "type": "LineString",
        "coordinates": [
          [
            -4.2904614,
            55.8735998
          ],
          [
            -4.2904677,
            55.8735842
          ]
        ]
      },
      "properties": {
        "segment_id": "s220",
        "from": "n226",
        "to": "n227",
        "length_m": 2,
        "highway": "steps",
        "osm_hint": "surface=paving_stones; incline=down; handrail=yes; lit=no; ramp=no"
      }
    },
    {
      "type": "Feature",
      "geometry": {
        "type": "LineString",
        "coordinates": [
          [
            -4.2906264,
            55.8734562
          ],
          [
            -4.2906332,
            55.8734623
          ],
          [
            -4.2906122,
            55.8734714
          ]
        ]
      },
      "properties": {
        "segment_id": "s221",
        "from": "n228",
        "to": "n229",
        "length_m": 2,
        "highway": "footway",
        "osm_hint": "surface=concrete"
      }
    },
    {
      "type": "Feature",
      "geometry": {
        "type": "LineString",
        "coordinates": [
          [
            -4.2906122,
            55.8734714
          ],
          [
            -4.2906003,
            55.8734767
          ]
        ]
      },
      "properties": {
        "segment_id": "s222",
        "from": "n229",
        "to": "n230",
        "length_m": 1,
        "highway": "footway",
        "osm_hint": "surface=concrete"
      }
    },
    {
      "type": "Feature",
      "geometry": {
        "type": "LineString",
        "coordinates": [
          [
            -4.2905653,
            55.8734915
          ],
          [
            -4.2906003,
            55.8734767
          ]
        ]
      },
      "properties": {
        "segment_id": "s223",
        "from": "n231",
        "to": "n230",
        "length_m": 3,
        "highway": "steps",
        "osm_hint": "surface=paving_stones; incline=down; tactile_paving=no; handrail=yes; step_count=5; lit=no; ramp=no"
      }
    },
    {
      "type": "Feature",
      "geometry": {
        "type": "LineString",
        "coordinates": [
          [
            -4.2904858,
            55.8735397
          ],
          [
            -4.2904921,
            55.8735234
          ]
        ]
      },
      "properties": {
        "segment_id": "s224",
        "from": "n232",
        "to": "n233",
        "length_m": 2,
        "highway": "footway",
        "osm_hint": "surface=paving_stones; incline=down; handrail=yes; lit=no"
      }
    },
    {
      "type": "Feature",
      "geometry": {
        "type": "LineString",
        "coordinates": [
          [
            -4.2904921,
            55.8735234
          ],
          [
            -4.2905653,
            55.8734915
          ]
        ]
      },
      "properties": {
        "segment_id": "s225",
        "from": "n233",
        "to": "n231",
        "length_m": 6,
        "highway": "footway",
        "osm_hint": "surface=paving_stones; incline=down; handrail=yes; lit=no"
      }
    },
    {
      "type": "Feature",
      "geometry": {
        "type": "LineString",
        "coordinates": [
          [
            -4.2896089,
            55.8741119
          ],
          [
            -4.2897967,
            55.8741358
          ]
        ]
      },
      "properties": {
        "segment_id": "s226",
        "from": "n93",
        "to": "n234",
        "length_m": 12,
        "highway": "service",
        "osm_hint": "surface=asphalt"
      }
    },
    {
      "type": "Feature",
      "geometry": {
        "type": "LineString",
        "coordinates": [
          [
            -4.2856165,
            55.8735698
          ],
          [
            -4.2856057,
            55.8735645
          ],
          [
            -4.2855964,
            55.8735499
          ],
          [
            -4.2856011,
            55.8735347
          ],
          [
            -4.2856184,
            55.8735227
          ],
          [
            -4.2856441,
            55.873517
          ],
          [
            -4.285656,
            55.8735179
          ],
          [
            -4.285813,
            55.8732967
          ],
          [
            -4.2858415,
            55.8733029
          ],
          [
            -4.285685,
            55.8735248
          ],
          [
            -4.2856975,
            55.8735318
          ],
          [
            -4.2857044,
            55.8735427
          ],
          [
            -4.2857027,
            55.8735518
          ],
          [
            -4.2858978,
            55.873596
          ],
          [
            -4.2858843,
            55.8736145
          ],
          [
            -4.2856862,
            55.8735696
          ],
          [
            -4.285675,
            55.8735749
          ],
          [
            -4.2856558,
            55.8735777
          ],
          [
            -4.2856461,
            55.8735767
          ],
          [
            -4.285475,
            55.8738082
          ],
          [
            -4.2854454,
            55.8738014
          ],
          [
            -4.2856165,
            55.8735698
          ]
        ]
      },
      "properties": {
        "segment_id": "s227",
        "from": "n235",
        "to": "n235",
        "length_m": 156,
        "highway": "pedestrian",
        "osm_hint": "surface=asphalt"
      }
    },
    {
      "type": "Feature",
      "geometry": {
        "type": "LineString",
        "coordinates": [
          [
            -4.2922585,
            55.8711864
          ],
          [
            -4.2926314,
            55.8711501
          ],
          [
            -4.292893,
            55.8710698
          ]
        ]
      },
      "properties": {
        "segment_id": "s228",
        "from": "n11",
        "to": "n128",
        "length_m": 42,
        "highway": "service",
        "osm_hint": "surface=asphalt; smoothness=good"
      }
    },
    {
      "type": "Feature",
      "geometry": {
        "type": "LineString",
        "coordinates": [
          [
            -4.292893,
            55.8710698
          ],
          [
            -4.2931286,
            55.870932
          ]
        ]
      },
      "properties": {
        "segment_id": "s229",
        "from": "n128",
        "to": "n236",
        "length_m": 21,
        "highway": "service",
        "osm_hint": "surface=asphalt; smoothness=good"
      }
    },
    {
      "type": "Feature",
      "geometry": {
        "type": "LineString",
        "coordinates": [
          [
            -4.2931286,
            55.870932
          ],
          [
            -4.2932608,
            55.870815
          ],
          [
            -4.2934864,
            55.870604
          ],
          [
            -4.2937,
            55.8704396
          ]
        ]
      },
      "properties": {
        "segment_id": "s230",
        "from": "n236",
        "to": "n237",
        "length_m": 65,
        "highway": "service",
        "osm_hint": "surface=asphalt; smoothness=good"
      }
    },
    {
      "type": "Feature",
      "geometry": {
        "type": "LineString",
        "coordinates": [
          [
            -4.2937,
            55.8704396
          ],
          [
            -4.2939713,
            55.8703454
          ]
        ]
      },
      "properties": {
        "segment_id": "s231",
        "from": "n237",
        "to": "n238",
        "length_m": 20,
        "highway": "service",
        "osm_hint": "surface=asphalt; smoothness=good"
      }
    },
    {
      "type": "Feature",
      "geometry": {
        "type": "LineString",
        "coordinates": [
          [
            -4.2939713,
            55.8703454
          ],
          [
            -4.2943308,
            55.8702725
          ]
        ]
      },
      "properties": {
        "segment_id": "s232",
        "from": "n238",
        "to": "n239",
        "length_m": 24,
        "highway": "service",
        "osm_hint": "surface=asphalt; smoothness=good"
      }
    },
    {
      "type": "Feature",
      "geometry": {
        "type": "LineString",
        "coordinates": [
          [
            -4.2943308,
            55.8702725
          ],
          [
            -4.2945438,
            55.8702383
          ],
          [
            -4.2947951,
            55.8700869
          ],
          [
            -4.294864,
            55.8700205
          ],
          [
            -4.2948969,
            55.8699892
          ]
        ]
      },
      "properties": {
        "segment_id": "s233",
        "from": "n239",
        "to": "n240",
        "length_m": 49,
        "highway": "service",
        "osm_hint": "surface=asphalt; smoothness=good"
      }
    },
    {
      "type": "Feature",
      "geometry": {
        "type": "LineString",
        "coordinates": [
          [
            -4.2925966,
            55.8731064
          ],
          [
            -4.2926527,
            55.8730709
          ],
          [
            -4.292698,
            55.8730405
          ]
        ]
      },
      "properties": {
        "segment_id": "s234",
        "from": "n241",
        "to": "n202",
        "length_m": 10,
        "highway": "footway",
        "osm_hint": ""
      }
    },
    {
      "type": "Feature",
      "geometry": {
        "type": "LineString",
        "coordinates": [
          [
            -4.2938106,
            55.8701577
          ],
          [
            -4.2938942,
            55.8702497
          ],
          [
            -4.2939713,
            55.8703454
          ]
        ]
      },
      "properties": {
        "segment_id": "s235",
        "from": "n29",
        "to": "n238",
        "length_m": 23,
        "highway": "footway",
        "osm_hint": "surface=asphalt; lit=no"
      }
    },
    {
      "type": "Feature",
      "geometry": {
        "type": "LineString",
        "coordinates": [
          [
            -4.2941312,
            55.8705327
          ],
          [
            -4.2945437,
            55.8704593
          ]
        ]
      },
      "properties": {
        "segment_id": "s236",
        "from": "n242",
        "to": "n243",
        "length_m": 27,
        "highway": "pedestrian",
        "osm_hint": "surface=sett"
      }
    },
    {
      "type": "Feature",
      "geometry": {
        "type": "LineString",
        "coordinates": [
          [
            -4.2945437,
            55.8704593
          ],
          [
            -4.2951514,
            55.8703434
          ],
          [
            -4.2954288,
            55.8699186
          ]
        ]
      },
      "properties": {
        "segment_id": "s237",
        "from": "n243",
        "to": "n244",
        "length_m": 90,
        "highway": "pedestrian",
        "osm_hint": "surface=sett"
      }
    },
    {
      "type": "Feature",
      "geometry": {
        "type": "LineString",
        "coordinates": [
          [
            -4.2942096,
            55.8727285
          ],
          [
            -4.2942139,
            55.8726325
          ]
        ]
      },
      "properties": {
        "segment_id": "s238",
        "from": "n179",
        "to": "n203",
        "length_m": 11,
        "highway": "footway",
        "osm_hint": ""
      }
    },
    {
      "type": "Feature",
      "geometry": {
        "type": "LineString",
        "coordinates": [
          [
            -4.2942139,
            55.8726325
          ],
          [
            -4.2942296,
            55.8722457
          ],
          [
            -4.2943899,
            55.8722193
          ],
          [
            -4.2946086,
            55.872141
          ]
        ]
      },
      "properties": {
        "segment_id": "s239",
        "from": "n203",
        "to": "n245",
        "length_m": 70,
        "highway": "footway",
        "osm_hint": ""
      }
    },
    {
      "type": "Feature",
      "geometry": {
        "type": "LineString",
        "coordinates": [
          [
            -4.2937,
            55.8704396
          ],
          [
            -4.2935336,
            55.8704874
          ],
          [
            -4.2933684,
            55.8705683
          ],
          [
            -4.2932858,
            55.8706021
          ],
          [
            -4.2932046,
            55.8706225
          ],
          [
            -4.293101,
            55.8706375
          ],
          [
            -4.2915796,
            55.8708336
          ],
          [
            -4.29118,
            55.8708833
          ]
        ]
      },
      "properties": {
        "segment_id": "s240",
        "from": "n237",
        "to": "n246",
        "length_m": 167,
        "highway": "service",
        "osm_hint": ""
      }
    },
    {
      "type": "Feature",
      "geometry": {
        "type": "LineString",
        "coordinates": [
          [
            -4.2853506,
            55.8738347
          ],
          [
            -4.2853217,
            55.8738969
          ],
          [
            -4.2852752,
            55.87392
          ],
          [
            -4.2852233,
            55.8739391
          ],
          [
            -4.2851661,
            55.8739561
          ],
          [
            -4.2851232,
            55.8739651
          ],
          [
            -4.2850857,
            55.8739734
          ],
          [
            -4.2850721,
            55.8739799
          ],
          [
            -4.2850619,
            55.8739882
          ],
          [
            -4.2850541,
            55.8739983
          ],
          [
            -4.2850494,
            55.8740201
          ],
          [
            -4.2850656,
            55.8740566
          ],
          [
            -4.2850758,
            55.8740998
          ],
          [
            -4.2850789,
            55.8741252
          ]
        ]
      },
      "properties": {
        "segment_id": "s241",
        "from": "n62",
        "to": "n247",
        "length_m": 42,
        "highway": "service",
        "osm_hint": ""
      }
    },
    {
      "type": "Feature",
      "geometry": {
        "type": "LineString",
        "coordinates": [
          [
            -4.2850789,
            55.8741252
          ],
          [
            -4.2850594,
            55.8741695
          ],
          [
            -4.2850307,
            55.8742156
          ],
          [
            -4.2848386,
            55.8745262
          ],
          [
            -4.2848294,
            55.8745481
          ],
          [
            -4.2848335,
            55.8745613
          ],
          [
            -4.2848478,
            55.8745711
          ],
          [
            -4.2848756,
            55.8745723
          ],
          [
            -4.2849167,
            55.8745654
          ],
          [
            -4.285005,
            55.8745423
          ],
          [
            -4.2850543,
            55.8745285
          ],
          [
            -4.285081,
            55.8745193
          ],
          [
            -4.2851067,
            55.8744997
          ],
          [
            -4.2851354,
            55.8744553
          ],
          [
            -4.285234,
            55.8743159
          ],
          [
            -4.2852412,
            55.8742992
          ],
          [
            -4.285235,
            55.8742819
          ],
          [
            -4.2852196,
            55.8742606
          ],
          [
            -4.2851262,
            55.8741695
          ],
          [
            -4.2850789,
            55.8741252
          ]
        ]
      },
      "properties": {
        "segment_id": "s242",
        "from": "n247",
        "to": "n247",
        "length_m": 117,
        "highway": "service",
        "osm_hint": ""
      }
    },
    {
      "type": "Feature",
      "geometry": {
        "type": "LineString",
        "coordinates": [
          [
            -4.2877471,
            55.8728513
          ],
          [
            -4.2877384,
            55.8728567
          ]
        ]
      },
      "properties": {
        "segment_id": "s243",
        "from": "n248",
        "to": "n118",
        "length_m": 1,
        "highway": "pedestrian",
        "osm_hint": ""
      }
    },
    {
      "type": "Feature",
      "geometry": {
        "type": "LineString",
        "coordinates": [
          [
            -4.2877384,
            55.8728567
          ],
          [
            -4.2876421,
            55.8728698
          ],
          [
            -4.2876217,
            55.8728469
          ],
          [
            -4.2875942,
            55.8728117
          ],
          [
            -4.2875671,
            55.8727599
          ],
          [
            -4.2875217,
            55.8727653
          ],
          [
            -4.2875025,
            55.8727669
          ],
          [
            -4.2874934,
            55.8727487
          ],
          [
            -4.2874875,
            55.8727328
          ],
          [
            -4.2874891,
            55.8727174
          ],
          [
            -4.2874936,
            55.872703
          ],
          [
            -4.2875009,
            55.872693
          ],
          [
            -4.2874594,
            55.872686
          ],
          [
            -4.2873755,
            55.8728035
          ],
          [
            -4.2873838,
            55.8728047
          ],
          [
            -4.2874008,
            55.8728071
          ],
          [
            -4.2874233,
            55.8728106
          ],
          [
            -4.2874453,
            55.8728144
          ],
          [
            -4.2874734,
            55.8728194
          ],
          [
            -4.2874553,
            55.8728457
          ],
          [
            -4.2874454,
            55.87286
          ],
          [
            -4.2874379,
            55.8728711
          ],
          [
            -4.2874284,
            55.8728848
          ],
          [
            -4.2874196,
            55.8728976
          ],
          [
            -4.2874121,
            55.8729085
          ],
          [
            -4.287314,
            55.8728867
          ],
          [
            -4.2872991,
            55.8729081
          ]
        ]
      },
      "properties": {
        "segment_id": "s244",
        "from": "n118",
        "to": "n116",
        "length_m": 75,
        "highway": "pedestrian",
        "osm_hint": ""
      }
    },
    {
      "type": "Feature",
      "geometry": {
        "type": "LineString",
        "coordinates": [
          [
            -4.2872991,
            55.8729081
          ],
          [
            -4.2871129,
            55.87315
          ],
          [
            -4.2871601,
            55.8731529
          ],
          [
            -4.2872992,
            55.8729702
          ],
          [
            -4.2873347,
            55.8729756
          ],
          [
            -4.2873452,
            55.87296
          ],
          [
            -4.2873546,
            55.8729428
          ],
          [
            -4.2879424,
            55.8730237
          ],
          [
            -4.2879518,
            55.8730016
          ]
        ]
      },
      "properties": {
        "segment_id": "s245",
        "from": "n116",
        "to": "n114",
        "length_m": 101,
        "highway": "pedestrian",
        "osm_hint": ""
      }
    },
    {
      "type": "Feature",
      "geometry": {
        "type": "LineString",
        "coordinates": [
          [
            -4.2879518,
            55.8730016
          ],
          [
            -4.2879617,
            55.8729762
          ],
          [
            -4.2879195,
            55.8729476
          ],
          [
            -4.2879034,
            55.8729262
          ],
          [
            -4.2878544,
            55.8729194
          ],
          [
            -4.2878558,
            55.8729044
          ],
          [
            -4.2878095,
            55.8728916
          ],
          [
            -4.287778,
            55.8728728
          ],
          [
            -4.2877471,
            55.8728513
          ]
        ]
      },
      "properties": {
        "segment_id": "s246",
        "from": "n114",
        "to": "n248",
        "length_m": 24,
        "highway": "pedestrian",
        "osm_hint": ""
      }
    },
    {
      "type": "Feature",
      "geometry": {
        "type": "LineString",
        "coordinates": [
          [
            -4.2881174,
            55.8730253
          ],
          [
            -4.288124,
            55.8730052
          ],
          [
            -4.288016,
            55.8729879
          ],
          [
            -4.2879523,
            55.8729559
          ],
          [
            -4.2879269,
            55.8729284
          ],
          [
            -4.2879228,
            55.8729077
          ],
          [
            -4.2879145,
            55.8728845
          ]
        ]
      },
      "properties": {
        "segment_id": "s247",
        "from": "n111",
        "to": "n249",
        "length_m": 23,
        "highway": "footway",
        "osm_hint": ""
      }
    },
    {
      "type": "Feature",
      "geometry": {
        "type": "LineString",
        "coordinates": [
          [
            -4.2886798,
            55.8736284
          ],
          [
            -4.2883976,
            55.8734807
          ],
          [
            -4.2883684,
            55.8734155
          ]
        ]
      },
      "properties": {
        "segment_id": "s248",
        "from": "n71",
        "to": "n34",
        "length_m": 32,
        "highway": "footway",
        "osm_hint": "surface=paving_stones"
      }
    },
    {
      "type": "Feature",
      "geometry": {
        "type": "LineString",
        "coordinates": [
          [
            -4.2904527,
            55.8736157
          ],
          [
            -4.2904447,
            55.8736327
          ],
          [
            -4.2905239,
            55.8737102
          ],
          [
            -4.2906517,
            55.8737834
          ]
        ]
      },
      "properties": {
        "segment_id": "s249",
        "from": "n250",
        "to": "n99",
        "length_m": 23,
        "highway": "footway",
        "osm_hint": "surface=paving_stones"
      }
    },
    {
      "type": "Feature",
      "geometry": {
        "type": "LineString",
        "coordinates": [
          [
            -4.2944202,
            55.8708865
          ],
          [
            -4.2944736,
            55.8709366
          ]
        ]
      },
      "properties": {
        "segment_id": "s250",
        "from": "n251",
        "to": "n252",
        "length_m": 6,
        "highway": "steps",
        "osm_hint": "surface=sett; incline=up"
      }
    },
    {
      "type": "Feature",
      "geometry": {
        "type": "LineString",
        "coordinates": [
          [
            -4.2947568,
            55.8708928
          ],
          [
            -4.2944202,
            55.8708865
          ]
        ]
      },
      "properties": {
        "segment_id": "s251",
        "from": "n253",
        "to": "n251",
        "length_m": 21,
        "highway": "footway",
        "osm_hint": "surface=sett; wheelchair=yes"
      }
    },
    {
      "type": "Feature",
      "geometry": {
        "type": "LineString",
        "coordinates": [
          [
            -4.2946413,
            55.8706627
          ],
          [
            -4.2943412,
            55.8708021
          ]
        ]
      },
      "properties": {
        "segment_id": "s252",
        "from": "n254",
        "to": "n255",
        "length_m": 24,
        "highway": "footway",
        "osm_hint": "surface=sett; wheelchair=yes"
      }
    },
    {
      "type": "Feature",
      "geometry": {
        "type": "LineString",
        "coordinates": [
          [
            -4.2946137,
            55.8706011
          ],
          [
            -4.2941418,
            55.8706003
          ]
        ]
      },
      "properties": {
        "segment_id": "s253",
        "from": "n256",
        "to": "n257",
        "length_m": 29,
        "highway": "footway",
        "osm_hint": "surface=sett; wheelchair=yes"
      }
    },
    {
      "type": "Feature",
      "geometry": {
        "type": "LineString",
        "coordinates": [
          [
            -4.2946746,
            55.8711226
          ],
          [
            -4.2946349,
            55.871122
          ],
          [
            -4.2946281,
            55.8711219
          ],
          [
            -4.2936996,
            55.8711131
          ]
        ]
      },
      "properties": {
        "segment_id": "s254",
        "from": "n258",
        "to": "n125",
        "length_m": 61,
        "highway": "pedestrian",
        "osm_hint": "surface=sett"
      }
    },
    {
      "type": "Feature",
      "geometry": {
        "type": "LineString",
        "coordinates": [
          [
            -4.2941312,
            55.8705327
          ],
          [
            -4.2941418,
            55.8706003
          ]
        ]
      },
      "properties": {
        "segment_id": "s255",
        "from": "n242",
        "to": "n257",
        "length_m": 8,
        "highway": "footway",
        "osm_hint": "surface=sett; wheelchair=yes"
      }
    },
    {
      "type": "Feature",
      "geometry": {
        "type": "LineString",
        "coordinates": [
          [
            -4.2941418,
            55.8706003
          ],
          [
            -4.2941968,
            55.8706635
          ]
        ]
      },
      "properties": {
        "segment_id": "s256",
        "from": "n257",
        "to": "n259",
        "length_m": 8,
        "highway": "steps",
        "osm_hint": "surface=sett; incline=up"
      }
    },
    {
      "type": "Feature",
      "geometry": {
        "type": "LineString",
        "coordinates": [
          [
            -4.2943412,
            55.8708021
          ],
          [
            -4.2944202,
            55.8708865
          ]
        ]
      },
      "properties": {
        "segment_id": "s257",
        "from": "n255",
        "to": "n251",
        "length_m": 11,
        "highway": "footway",
        "osm_hint": "surface=sett; wheelchair=yes"
      }
    },
    {
      "type": "Feature",
      "geometry": {
        "type": "LineString",
        "coordinates": [
          [
            -4.2933513,
            55.8736025
          ],
          [
            -4.2935614,
            55.8735089
          ]
        ]
      },
      "properties": {
        "segment_id": "s258",
        "from": "n260",
        "to": "n261",
        "length_m": 17,
        "highway": "footway",
        "osm_hint": "surface=asphalt"
      }
    },
    {
      "type": "Feature",
      "geometry": {
        "type": "LineString",
        "coordinates": [
          [
            -4.2933513,
            55.8736025
          ],
          [
            -4.2930783,
            55.8734083
          ]
        ]
      },
      "properties": {
        "segment_id": "s259",
        "from": "n260",
        "to": "n262",
        "length_m": 28,
        "highway": "footway",
        "osm_hint": "surface=paving_stones"
      }
    },
    {
      "type": "Feature",
      "geometry": {
        "type": "LineString",
        "coordinates": [
          [
            -4.2930783,
            55.8734083
          ],
          [
            -4.2929427,
            55.8732079
          ]
        ]
      },
      "properties": {
        "segment_id": "s260",
        "from": "n262",
        "to": "n263",
        "length_m": 24,
        "highway": "footway",
        "osm_hint": "surface=paving_stones"
      }
    },
    {
      "type": "Feature",
      "geometry": {
        "type": "LineString",
        "coordinates": [
          [
            -4.2930297,
            55.8734273
          ],
          [
            -4.2930783,
            55.8734083
          ]
        ]
      },
      "properties": {
        "segment_id": "s261",
        "from": "n198",
        "to": "n262",
        "length_m": 4,
        "highway": "footway",
        "osm_hint": "surface=paving_stones"
      }
    },
    {
      "type": "Feature",
      "geometry": {
        "type": "LineString",
        "coordinates": [
          [
            -4.2899097,
            55.8733485
          ],
          [
            -4.289917,
            55.8733321
          ]
        ]
      },
      "properties": {
        "segment_id": "s262",
        "from": "n264",
        "to": "n265",
        "length_m": 2,
        "highway": "steps",
        "osm_hint": "surface=asphalt; incline=down; handrail=yes; step_count=5"
      }
    },
    {
      "type": "Feature",
      "geometry": {
        "type": "LineString",
        "coordinates": [
          [
            -4.2913977,
            55.8730234
          ],
          [
            -4.2913563,
            55.8730406
          ]
        ]
      },
      "properties": {
        "segment_id": "s263",
        "from": "n266",
        "to": "n267",
        "length_m": 3,
        "highway": "steps",
        "osm_hint": "incline=up; handrail=yes; step_count=10"
      }
    },
    {
      "type": "Feature",
      "geometry": {
        "type": "LineString",
        "coordinates": [
          [
            -4.2898668,
            55.8733374
          ],
          [
            -4.2898694,
            55.8733325
          ],
          [
            -4.2898477,
            55.8733285
          ],
          [
            -4.2898456,
            55.8733342
          ]
        ]
      },
      "properties": {
        "segment_id": "s264",
        "from": "n268",
        "to": "n269",
        "length_m": 3,
        "highway": "footway",
        "osm_hint": "surface=metal; tactile_paving=no; handrail=yes"
      }
    },
    {
      "type": "Feature",
      "geometry": {
        "type": "LineString",
        "coordinates": [
          [
            -4.2898883,
            55.8730836
          ],
          [
            -4.2898527,
            55.873173
          ]
        ]
      },
      "properties": {
        "segment_id": "s265",
        "from": "n73",
        "to": "n270",
        "length_m": 10,
        "highway": "service",
        "osm_hint": "surface=asphalt"
      }
    },
    {
      "type": "Feature",
      "geometry": {
        "type": "LineString",
        "coordinates": [
          [
            -4.2938106,
            55.8701577
          ],
          [
            -4.2941927,
            55.8702162
          ],
          [
            -4.2943308,
            55.8702725
          ]
        ]
      },
      "properties": {
        "segment_id": "s266",
        "from": "n29",
        "to": "n239",
        "length_m": 35,
        "highway": "footway",
        "osm_hint": "surface=sett"
      }
    },
    {
      "type": "Feature",
      "geometry": {
        "type": "LineString",
        "coordinates": [
          [
            -4.2943308,
            55.8702725
          ],
          [
            -4.2945037,
            55.870419
          ],
          [
            -4.2945437,
            55.8704593
          ]
        ]
      },
      "properties": {
        "segment_id": "s267",
        "from": "n239",
        "to": "n243",
        "length_m": 25,
        "highway": "footway",
        "osm_hint": "surface=sett"
      }
    },
    {
      "type": "Feature",
      "geometry": {
        "type": "LineString",
        "coordinates": [
          [
            -4.290973,
            55.8714066
          ],
          [
            -4.2913175,
            55.8712103
          ]
        ]
      },
      "properties": {
        "segment_id": "s268",
        "from": "n162",
        "to": "n13",
        "length_m": 31,
        "highway": "footway",
        "osm_hint": "surface=asphalt"
      }
    },
    {
      "type": "Feature",
      "geometry": {
        "type": "LineString",
        "coordinates": [
          [
            -4.2935345,
            55.8714063
          ],
          [
            -4.2935364,
            55.8711145
          ]
        ]
      },
      "properties": {
        "segment_id": "s269",
        "from": "n271",
        "to": "n126",
        "length_m": 32,
        "highway": "service",
        "osm_hint": ""
      }
    },
    {
      "type": "Feature",
      "geometry": {
        "type": "LineString",
        "coordinates": [
          [
            -4.2940937,
            55.8727264
          ],
          [
            -4.2940987,
            55.8726308
          ]
        ]
      },
      "properties": {
        "segment_id": "s270",
        "from": "n178",
        "to": "n204",
        "length_m": 11,
        "highway": "service",
        "osm_hint": "surface=asphalt"
      }
    },
    {
      "type": "Feature",
      "geometry": {
        "type": "LineString",
        "coordinates": [
          [
            -4.2940987,
            55.8726308
          ],
          [
            -4.2941219,
            55.8722641
          ],
          [
            -4.2941213,
            55.8722137
          ],
          [
            -4.2941112,
            55.8721918
          ],
          [
            -4.2940917,
            55.8721647
          ],
          [
            -4.2940746,
            55.8721524
          ]
        ]
      },
      "properties": {
        "segment_id": "s271",
        "from": "n204",
        "to": "n272",
        "length_m": 54,
        "highway": "service",
        "osm_hint": "surface=asphalt"
      }
    },
    {
      "type": "Feature",
      "geometry": {
        "type": "LineString",
        "coordinates": [
          [
            -4.2920342,
            55.8726298
          ],
          [
            -4.2920876,
            55.8726519
          ],
          [
            -4.2922143,
            55.8726515
          ],
          [
            -4.2923941,
            55.8726531
          ],
          [
            -4.2926304,
            55.8726556
          ],
          [
            -4.2927249,
            55.8727575
          ]
        ]
      },
      "properties": {
        "segment_id": "s272",
        "from": "n201",
        "to": "n177",
        "length_m": 51,
        "highway": "pedestrian",
        "osm_hint": "surface=paving_stones"
      }
    },
    {
      "type": "Feature",
      "geometry": {
        "type": "LineString",
        "coordinates": [
          [
            -4.2899851,
            55.8734844
          ],
          [
            -4.2899243,
            55.8734763
          ]
        ]
      },
      "properties": {
        "segment_id": "s273",
        "from": "n273",
        "to": "n274",
        "length_m": 4,
        "highway": "footway",
        "osm_hint": "surface=paving_stones; lit=yes"
      }
    },
    {
      "type": "Feature",
      "geometry": {
        "type": "LineString",
        "coordinates": [
          [
            -4.2903355,
            55.8735348
          ],
          [
            -4.2900283,
            55.8734902
          ]
        ]
      },
      "properties": {
        "segment_id": "s274",
        "from": "n275",
        "to": "n276",
        "length_m": 20,
        "highway": "footway",
        "osm_hint": "surface=paving_stones; lit=yes"
      }
    },
    {
      "type": "Feature",
      "geometry": {
        "type": "LineString",
        "coordinates": [
          [
            -4.2863187,
            55.8699993
          ],
          [
            -4.2862603,
            55.8700814
          ]
        ]
      },
      "properties": {
        "segment_id": "s275",
        "from": "n2",
        "to": "n40",
        "length_m": 10,
        "highway": "pedestrian",
        "osm_hint": "surface=asphalt; lit=yes"
      }
    },
    {
      "type": "Feature",
      "geometry": {
        "type": "LineString",
        "coordinates": [
          [
            -4.2862603,
            55.8700814
          ],
          [
            -4.2852499,
            55.8715873
          ]
        ]
      },
      "properties": {
        "segment_id": "s276",
        "from": "n40",
        "to": "n30",
        "length_m": 179,
        "highway": "pedestrian",
        "osm_hint": "surface=asphalt; lit=yes"
      }
    },
    {
      "type": "Feature",
      "geometry": {
        "type": "LineString",
        "coordinates": [
          [
            -4.2852499,
            55.8715873
          ],
          [
            -4.285103,
            55.8717962
          ]
        ]
      },
      "properties": {
        "segment_id": "s277",
        "from": "n30",
        "to": "n277",
        "length_m": 25,
        "highway": "pedestrian",
        "osm_hint": "surface=asphalt; lit=yes"
      }
    },
    {
      "type": "Feature",
      "geometry": {
        "type": "LineString",
        "coordinates": [
          [
            -4.2943412,
            55.8708021
          ],
          [
            -4.2941968,
            55.8706635
          ]
        ]
      },
      "properties": {
        "segment_id": "s278",
        "from": "n255",
        "to": "n259",
        "length_m": 18,
        "highway": "footway",
        "osm_hint": "surface=sett"
      }
    },
    {
      "type": "Feature",
      "geometry": {
        "type": "LineString",
        "coordinates": [
          [
            -4.2946746,
            55.8711226
          ],
          [
            -4.2946407,
            55.8710916
          ],
          [
            -4.2946002,
            55.8710545
          ],
          [
            -4.2944736,
            55.8709366
          ]
        ]
      },
      "properties": {
        "segment_id": "s279",
        "from": "n258",
        "to": "n252",
        "length_m": 24,
        "highway": "footway",
        "osm_hint": "surface=sett"
      }
    },
    {
      "type": "Feature",
      "geometry": {
        "type": "LineString",
        "coordinates": [
          [
            -4.2892459,
            55.8712729
          ],
          [
            -4.2892982,
            55.8711594
          ]
        ]
      },
      "properties": {
        "segment_id": "s280",
        "from": "n278",
        "to": "n190",
        "length_m": 13,
        "highway": "footway",
        "osm_hint": ""
      }
    },
    {
      "type": "Feature",
      "geometry": {
        "type": "LineString",
        "coordinates": [
          [
            -4.287951,
            55.8710985
          ],
          [
            -4.2880031,
            55.870986
          ]
        ]
      },
      "properties": {
        "segment_id": "s281",
        "from": "n279",
        "to": "n195",
        "length_m": 13,
        "highway": "footway",
        "osm_hint": "surface=concrete"
      }
    },
    {
      "type": "Feature",
      "geometry": {
        "type": "LineString",
        "coordinates": [
          [
            -4.2893124,
            55.8719309
          ],
          [
            -4.2892887,
            55.8719842
          ],
          [
            -4.2892466,
            55.8720517
          ]
        ]
      },
      "properties": {
        "segment_id": "s282",
        "from": "n280",
        "to": "n3",
        "length_m": 14,
        "highway": "footway",
        "osm_hint": ""
      }
    },
    {
      "type": "Feature",
      "geometry": {
        "type": "LineString",
        "coordinates": [
          [
            -4.289694,
            55.8717236
          ],
          [
            -4.2897561,
            55.871731
          ]
        ]
      },
      "properties": {
        "segment_id": "s283",
        "from": "n281",
        "to": "n282",
        "length_m": 4,
        "highway": "footway",
        "osm_hint": ""
      }
    },
    {
      "type": "Feature",
      "geometry": {
        "type": "LineString",
        "coordinates": [
          [
            -4.2896151,
            55.8720641
          ],
          [
            -4.2897561,
            55.871731
          ]
        ]
      },
      "properties": {
        "segment_id": "s284",
        "from": "n38",
        "to": "n282",
        "length_m": 38,
        "highway": "service",
        "osm_hint": ""
      }
    },
    {
      "type": "Feature",
      "geometry": {
        "type": "LineString",
        "coordinates": [
          [
            -4.2898795,
            55.8717461
          ],
          [
            -4.2897561,
            55.871731
          ]
        ]
      },
      "properties": {
        "segment_id": "s285",
        "from": "n55",
        "to": "n282",
        "length_m": 8,
        "highway": "steps",
        "osm_hint": ""
      }
    },
    {
      "type": "Feature",
      "geometry": {
        "type": "LineString",
        "coordinates": [
          [
            -4.2899577,
            55.8715682
          ],
          [
            -4.2897677,
            55.8715432
          ]
        ]
      },
      "properties": {
        "segment_id": "s286",
        "from": "n53",
        "to": "n283",
        "length_m": 12,
        "highway": "steps",
        "osm_hint": ""
      }
    },
    {
      "type": "Feature",
      "geometry": {
        "type": "LineString",
        "coordinates": [
          [
            -4.2897114,
            55.871683
          ],
          [
            -4.2898965,
            55.8717075
          ]
        ]
      },
      "properties": {
        "segment_id": "s287",
        "from": "n284",
        "to": "n54",
        "length_m": 12,
        "highway": "steps",
        "osm_hint": ""
      }
    },
    {
      "type": "Feature",
      "geometry": {
        "type": "LineString",
        "coordinates": [
          [
            -4.2887199,
            55.8713579
          ],
          [
            -4.2887257,
            55.871343
          ],
          [
            -4.2887275,
            55.8713372
          ],
          [
            -4.2887178,
            55.8713347
          ],
          [
            -4.2887086,
            55.8713308
          ],
          [
            -4.2887018,
            55.8713265
          ],
          [
            -4.2886974,
            55.8713222
          ],
          [
            -4.2886939,
            55.8713168
          ],
          [
            -4.2886924,
            55.8713104
          ],
          [
            -4.2886932,
            55.8713048
          ],
          [
            -4.2885579,
            55.8712861
          ]
        ]
      },
      "properties": {
        "segment_id": "s288",
        "from": "n285",
        "to": "n286",
        "length_m": 16,
        "highway": "pedestrian",
        "osm_hint": ""
      }
    },
    {
      "type": "Feature",
      "geometry": {
        "type": "LineString",
        "coordinates": [
          [
            -4.2885579,
            55.8712861
          ],
          [
            -4.2884265,
            55.871268
          ],
          [
            -4.2884243,
            55.8712716
          ],
          [
            -4.2884184,
            55.8712775
          ],
          [
            -4.2884133,
            55.8712807
          ],
          [
            -4.2884069,
            55.8712838
          ],
          [
            -4.2883987,
            55.8712865
          ],
          [
            -4.2883909,
            55.871288
          ],
          [
            -4.2883823,
            55.8712889
          ],
          [
            -4.2883712,
            55.8712888
          ],
          [
            -4.2883583,
            55.8712869
          ],
          [
            -4.2883569,
            55.8712925
          ],
          [
            -4.2883503,
            55.8713083
          ],
          [
            -4.2883373,
            55.8713425
          ],
          [
            -4.2883305,
            55.8713576
          ],
          [
            -4.2883178,
            55.8713904
          ],
          [
            -4.2883111,
            55.8714046
          ],
          [
            -4.2882967,
            55.8714393
          ],
          [
            -4.28829,
            55.8714547
          ],
          [
            -4.2882769,
            55.8714871
          ],
          [
            -4.2882692,
            55.8715014
          ],
          [
            -4.2882567,
            55.8715353
          ],
          [
            -4.2882503,
            55.8715486
          ],
          [
            -4.2882489,
            55.8715529
          ],
          [
            -4.2882618,
            55.8715556
          ],
          [
            -4.2882698,
            55.8715587
          ],
          [
            -4.2882768,
            55.8715625
          ],
          [
            -4.2882809,
            55.8715657
          ],
          [
            -4.2882848,
            55.87157
          ],
          [
            -4.2882872,
            55.8715742
          ],
          [
            -4.2882886,
            55.8715798
          ],
          [
            -4.288288,
            55.8715855
          ],
          [
            -4.2884281,
            55.871605
          ],
          [
            -4.2885574,
            55.871623
          ],
          [
            -4.2885609,
            55.8716178
          ],
          [
            -4.2885655,
            55.8716135
          ],
          [
            -4.2885725,
            55.8716092
          ],
          [
            -4.2885809,
            55.8716057
          ],
          [
            -4.2885895,
            55.8716035
          ],
          [
            -4.288599,
            55.8716022
          ],
          [
            -4.2886104,
            55.871602
          ],
          [
            -4.2886197,
            55.8716029
          ],
          [
            -4.2886212,
            55.8715982
          ],
          [
            -4.2886267,
            55.8715863
          ],
          [
            -4.28864,
            55.8715526
          ],
          [
            -4.2886471,
            55.8715375
          ],
          [
            -4.2886599,
            55.8715052
          ],
          [
            -4.2886671,
            55.8714898
          ],
          [
            -4.2886811,
            55.8714541
          ],
          [
            -4.2886868,
            55.87144
          ],
          [
            -4.2886998,
            55.8714068
          ],
          [
            -4.288707,
            55.8713926
          ],
          [
            -4.2887199,
            55.8713579
          ]
        ]
      },
      "properties": {
        "segment_id": "s289",
        "from": "n286",
        "to": "n285",
        "length_m": 99,
        "highway": "pedestrian",
        "osm_hint": ""
      }
    },
    {
      "type": "Feature",
      "geometry": {
        "type": "LineString",
        "coordinates": [
          [
            -4.2886581,
            55.8710442
          ],
          [
            -4.2885579,
            55.8712861
          ]
        ]
      },
      "properties": {
        "segment_id": "s290",
        "from": "n287",
        "to": "n286",
        "length_m": 28,
        "highway": "footway",
        "osm_hint": ""
      }
    },
    {
      "type": "Feature",
      "geometry": {
        "type": "LineString",
        "coordinates": [
          [
            -4.2886581,
            55.8710442
          ],
          [
            -4.2886844,
            55.8709905
          ]
        ]
      },
      "properties": {
        "segment_id": "s291",
        "from": "n287",
        "to": "n197",
        "length_m": 6,
        "highway": "footway",
        "osm_hint": ""
      }
    },
    {
      "type": "Feature",
      "geometry": {
        "type": "LineString",
        "coordinates": [
          [
            -4.2881853,
            55.8716714
          ],
          [
            -4.2881314,
            55.8716648
          ],
          [
            -4.2881367,
            55.8716508
          ],
          [
            -4.2882219,
            55.8716614
          ]
        ]
      },
      "properties": {
        "segment_id": "s292",
        "from": "n288",
        "to": "n289",
        "length_m": 10,
        "highway": "steps",
        "osm_hint": ""
      }
    },
    {
      "type": "Feature",
      "geometry": {
        "type": "LineString",
        "coordinates": [
          [
            -4.2881246,
            55.8718155
          ],
          [
            -4.2881683,
            55.8717035
          ],
          [
            -4.2882031,
            55.8717088
          ],
          [
            -4.2882219,
            55.8716614
          ]
        ]
      },
      "properties": {
        "segment_id": "s293",
        "from": "n80",
        "to": "n289",
        "length_m": 20,
        "highway": "footway",
        "osm_hint": ""
      }
    },
    {
      "type": "Feature",
      "geometry": {
        "type": "LineString",
        "coordinates": [
          [
            -4.2885625,
            55.8717073
          ],
          [
            -4.2885424,
            55.8717566
          ],
          [
            -4.2885686,
            55.8717599
          ],
          [
            -4.2885215,
            55.8718696
          ]
        ]
      },
      "properties": {
        "segment_id": "s294",
        "from": "n290",
        "to": "n152",
        "length_m": 20,
        "highway": "footway",
        "osm_hint": ""
      }
    },
    {
      "type": "Feature",
      "geometry": {
        "type": "LineString",
        "coordinates": [
          [
            -4.2885789,
            55.8717241
          ],
          [
            -4.288637,
            55.8717321
          ],
          [
            -4.2886423,
            55.8717189
          ],
          [
            -4.2885625,
            55.8717073
          ]
        ]
      },
      "properties": {
        "segment_id": "s295",
        "from": "n291",
        "to": "n290",
        "length_m": 10,
        "highway": "steps",
        "osm_hint": ""
      }
    },
    {
      "type": "Feature",
      "geometry": {
        "type": "LineString",
        "coordinates": [
          [
            -4.2892188,
            55.8721131
          ],
          [
            -4.2892928,
            55.8721237
          ],
          [
            -4.2892395,
            55.8722289
          ],
          [
            -4.2892649,
            55.872249
          ],
          [
            -4.2892314,
            55.8723047
          ],
          [
            -4.2891925,
            55.872316
          ],
          [
            -4.2891523,
            55.8723884
          ],
          [
            -4.2891392,
            55.8724149
          ],
          [
            -4.289069,
            55.8724044
          ]
        ]
      },
      "properties": {
        "segment_id": "s296",
        "from": "n4",
        "to": "n165",
        "length_m": 45,
        "highway": "footway",
        "osm_hint": "surface=paving_stones"
      }
    },
    {
      "type": "Feature",
      "geometry": {
        "type": "LineString",
        "coordinates": [
          [
            -4.289069,
            55.8724044
          ],
          [
            -4.2890051,
            55.8723946
          ],
          [
            -4.2890168,
            55.8723705
          ],
          [
            -4.2891456,
            55.8721021
          ],
          [
            -4.2892188,
            55.8721131
          ]
        ]
      },
      "properties": {
        "segment_id": "s297",
        "from": "n165",
        "to": "n4",
        "length_m": 43,
        "highway": "footway",
        "osm_hint": "surface=paving_stones"
      }
    },
    {
      "type": "Feature",
      "geometry": {
        "type": "LineString",
        "coordinates": [
          [
            -4.2898527,
            55.873173
          ],
          [
            -4.2897796,
            55.8733392
          ]
        ]
      },
      "properties": {
        "segment_id": "s298",
        "from": "n270",
        "to": "n292",
        "length_m": 19,
        "highway": "service",
        "osm_hint": "surface=asphalt"
      }
    },
    {
      "type": "Feature",
      "geometry": {
        "type": "LineString",
        "coordinates": [
          [
            -4.2898527,
            55.873173
          ],
          [
            -4.2899801,
            55.8731921
          ],
          [
            -4.289917,
            55.8733321
          ]
        ]
      },
      "properties": {
        "segment_id": "s299",
        "from": "n270",
        "to": "n265",
        "length_m": 24,
        "highway": "footway",
        "osm_hint": "surface=paved"
      }
    },
    {
      "type": "Feature",
      "geometry": {
        "type": "LineString",
        "coordinates": [
          [
            -4.2898537,
            55.8733697
          ],
          [
            -4.2898983,
            55.8733763
          ],
          [
            -4.2899097,
            55.8733485
          ]
        ]
      },
      "properties": {
        "segment_id": "s300",
        "from": "n293",
        "to": "n264",
        "length_m": 6,
        "highway": "footway",
        "osm_hint": "surface=asphalt"
      }
    },
    {
      "type": "Feature",
      "geometry": {
        "type": "LineString",
        "coordinates": [
          [
            -4.2898331,
            55.8733682
          ],
          [
            -4.2898279,
            55.8733825
          ],
          [
            -4.2898034,
            55.8734466
          ],
          [
            -4.2897987,
            55.8734546
          ],
          [
            -4.2897947,
            55.8734617
          ]
        ]
      },
      "properties": {
        "segment_id": "s301",
        "from": "n294",
        "to": "n222",
        "length_m": 11,
        "highway": "footway",
        "osm_hint": "surface=paved; tactile_paving=no"
      }
    },
    {
      "type": "Feature",
      "geometry": {
        "type": "LineString",
        "coordinates": [
          [
            -4.2898456,
            55.8733342
          ],
          [
            -4.2898331,
            55.8733682
          ]
        ]
      },
      "properties": {
        "segment_id": "s302",
        "from": "n269",
        "to": "n294",
        "length_m": 4,
        "highway": "steps",
        "osm_hint": "surface=metal; incline=up; tactile_paving=no; handrail=yes; ramp=no"
      }
    },
    {
      "type": "Feature",
      "geometry": {
        "type": "LineString",
        "coordinates": [
          [
            -4.2898556,
            55.8733649
          ],
          [
            -4.2898668,
            55.8733374
          ]
        ]
      },
      "properties": {
        "segment_id": "s303",
        "from": "n295",
        "to": "n268",
        "length_m": 3,
        "highway": "steps",
        "osm_hint": "surface=metal; incline=up; tactile_paving=no; handrail=yes; ramp=no"
      }
    },
    {
      "type": "Feature",
      "geometry": {
        "type": "LineString",
        "coordinates": [
          [
            -4.2898537,
            55.8733697
          ],
          [
            -4.2898556,
            55.8733649
          ]
        ]
      },
      "properties": {
        "segment_id": "s304",
        "from": "n293",
        "to": "n295",
        "length_m": 1,
        "highway": "footway",
        "osm_hint": "surface=metal; tactile_paving=no; handrail=yes"
      }
    },
    {
      "type": "Feature",
      "geometry": {
        "type": "LineString",
        "coordinates": [
          [
            -4.2903918,
            55.8735427
          ],
          [
            -4.2904143,
            55.8735452
          ],
          [
            -4.2903915,
            55.8736069
          ],
          [
            -4.2904527,
            55.8736157
          ]
        ]
      },
      "properties": {
        "segment_id": "s305",
        "from": "n225",
        "to": "n250",
        "length_m": 12,
        "highway": "footway",
        "osm_hint": "surface=concrete; lit=no"
      }
    },
    {
      "type": "Feature",
      "geometry": {
        "type": "LineString",
        "coordinates": [
          [
            -4.2912375,
            55.8731887
          ],
          [
            -4.2912849,
            55.8731837
          ]
        ]
      },
      "properties": {
        "segment_id": "s306",
        "from": "n296",
        "to": "n297",
        "length_m": 3,
        "highway": "footway",
        "osm_hint": "surface=asphalt; incline=down"
      }
    },
    {
      "type": "Feature",
      "geometry": {
        "type": "LineString",
        "coordinates": [
          [
            -4.2910441,
            55.8732655
          ],
          [
            -4.2910857,
            55.8732503
          ]
        ]
      },
      "properties": {
        "segment_id": "s307",
        "from": "n104",
        "to": "n102",
        "length_m": 3,
        "highway": "footway",
        "osm_hint": "surface=asphalt; incline=down"
      }
    },
    {
      "type": "Feature",
      "geometry": {
        "type": "LineString",
        "coordinates": [
          [
            -4.2911606,
            55.8738185
          ],
          [
            -4.2911944,
            55.873829
          ],
          [
            -4.2912401,
            55.8738354
          ]
        ]
      },
      "properties": {
        "segment_id": "s308",
        "from": "n298",
        "to": "n299",
        "length_m": 5,
        "highway": "footway",
        "osm_hint": "surface=concrete"
      }
    },
    {
      "type": "Feature",
      "geometry": {
        "type": "LineString",
        "coordinates": [
          [
            -4.2910982,
            55.8738215
          ],
          [
            -4.2911606,
            55.8738185
          ]
        ]
      },
      "properties": {
        "segment_id": "s309",
        "from": "n300",
        "to": "n298",
        "length_m": 4,
        "highway": "steps",
        "osm_hint": "surface=concrete; incline=down; tactile_paving=no; handrail=yes; step_count=9; ramp=no"
      }
    },
    {
      "type": "Feature",
      "geometry": {
        "type": "LineString",
        "coordinates": [
          [
            -4.2910345,
            55.8738114
          ],
          [
            -4.2910791,
            55.8738195
          ]
        ]
      },
      "properties": {
        "segment_id": "s310",
        "from": "n301",
        "to": "n302",
        "length_m": 3,
        "highway": "steps",
        "osm_hint": "surface=paving_stones; incline=down; tactile_paving=no; handrail=yes; step_count=7; ramp=no"
      }
    },
    {
      "type": "Feature",
      "geometry": {
        "type": "LineString",
        "coordinates": [
          [
            -4.2910221,
            55.8738091
          ],
          [
            -4.2910345,
            55.8738114
          ]
        ]
      },
      "properties": {
        "segment_id": "s311",
        "from": "n303",
        "to": "n301",
        "length_m": 1,
        "highway": "footway",
        "osm_hint": "surface=paving_stones"
      }
    },
    {
      "type": "Feature",
      "geometry": {
        "type": "LineString",
        "coordinates": [
          [
            -4.2910791,
            55.8738195
          ],
          [
            -4.2910895,
            55.8738217
          ],
          [
            -4.2910982,
            55.8738215
          ]
        ]
      },
      "properties": {
        "segment_id": "s312",
        "from": "n302",
        "to": "n300",
        "length_m": 1,
        "highway": "footway",
        "osm_hint": "surface=paving_stones"
      }
    },
    {
      "type": "Feature",
      "geometry": {
        "type": "LineString",
        "coordinates": [
          [
            -4.2910401,
            55.8737008
          ],
          [
            -4.2910268,
            55.8736917
          ]
        ]
      },
      "properties": {
        "segment_id": "s313",
        "from": "n304",
        "to": "n305",
        "length_m": 1,
        "highway": "footway",
        "osm_hint": "surface=concrete"
      }
    },
    {
      "type": "Feature",
      "geometry": {
        "type": "LineString",
        "coordinates": [
          [
            -4.2910491,
            55.8737598
          ],
          [
            -4.2910463,
            55.8737347
          ]
        ]
      },
      "properties": {
        "segment_id": "s314",
        "from": "n306",
        "to": "n307",
        "length_m": 3,
        "highway": "steps",
        "osm_hint": "surface=paving_stones; incline=down; tactile_paving=no; handrail=yes; step_count=8; ramp=no"
      }
    },
    {
      "type": "Feature",
      "geometry": {
        "type": "LineString",
        "coordinates": [
          [
            -4.2910426,
            55.8737741
          ],
          [
            -4.2910493,
            55.8737643
          ],
          [
            -4.2910491,
            55.8737598
          ]
        ]
      },
      "properties": {
        "segment_id": "s315",
        "from": "n308",
        "to": "n306",
        "length_m": 2,
        "highway": "footway",
        "osm_hint": "surface=paving_stones"
      }
    },
    {
      "type": "Feature",
      "geometry": {
        "type": "LineString",
        "coordinates": [
          [
            -4.291008,
            55.8738072
          ],
          [
            -4.2910221,
            55.8738091
          ]
        ]
      },
      "properties": {
        "segment_id": "s316",
        "from": "n309",
        "to": "n303",
        "length_m": 1,
        "highway": "footway",
        "osm_hint": "surface=paving_stones"
      }
    },
    {
      "type": "Feature",
      "geometry": {
        "type": "LineString",
        "coordinates": [
          [
            -4.2910221,
            55.8738091
          ],
          [
            -4.2910261,
            55.8737971
          ]
        ]
      },
      "properties": {
        "segment_id": "s317",
        "from": "n303",
        "to": "n310",
        "length_m": 1,
        "highway": "footway",
        "osm_hint": "surface=paving_stones"
      }
    },
    {
      "type": "Feature",
      "geometry": {
        "type": "LineString",
        "coordinates": [
          [
            -4.2913047,
            55.8730619
          ],
          [
            -4.2911909,
            55.8731155
          ]
        ]
      },
      "properties": {
        "segment_id": "s318",
        "from": "n311",
        "to": "n312",
        "length_m": 9,
        "highway": "footway",
        "osm_hint": "surface=paving_stones"
      }
    },
    {
      "type": "Feature",
      "geometry": {
        "type": "LineString",
        "coordinates": [
          [
            -4.2918671,
            55.8727984
          ],
          [
            -4.2918446,
            55.8728338
          ],
          [
            -4.291839,
            55.8728412
          ],
          [
            -4.2913977,
            55.8730234
          ]
        ]
      },
      "properties": {
        "segment_id": "s319",
        "from": "n51",
        "to": "n266",
        "length_m": 39,
        "highway": "footway",
        "osm_hint": "surface=paving_stones"
      }
    },
    {
      "type": "Feature",
      "geometry": {
        "type": "LineString",
        "coordinates": [
          [
            -4.2913394,
            55.8735398
          ],
          [
            -4.2914928,
            55.873653
          ]
        ]
      },
      "properties": {
        "segment_id": "s320",
        "from": "n313",
        "to": "n314",
        "length_m": 16,
        "highway": "footway",
        "osm_hint": "surface=paving_stones"
      }
    },
    {
      "type": "Feature",
      "geometry": {
        "type": "LineString",
        "coordinates": [
          [
            -4.2910248,
            55.8736683
          ],
          [
            -4.291043,
            55.8736851
          ],
          [
            -4.2910623,
            55.8736785
          ]
        ]
      },
      "properties": {
        "segment_id": "s321",
        "from": "n315",
        "to": "n316",
        "length_m": 4,
        "highway": "footway",
        "osm_hint": "surface=concrete"
      }
    },
    {
      "type": "Feature",
      "geometry": {
        "type": "LineString",
        "coordinates": [
          [
            -4.2912938,
            55.8741142
          ],
          [
            -4.2914043,
            55.874095
          ],
          [
            -4.2914808,
            55.8741123
          ],
          [
            -4.2915079,
            55.8741214
          ]
        ]
      },
      "properties": {
        "segment_id": "s322",
        "from": "n317",
        "to": "n82",
        "length_m": 14,
        "highway": "footway",
        "osm_hint": "surface=unpaved; incline=-10%"
      }
    },
    {
      "type": "Feature",
      "geometry": {
        "type": "LineString",
        "coordinates": [
          [
            -4.2908786,
            55.8743531
          ],
          [
            -4.2907833,
            55.8743349
          ]
        ]
      },
      "properties": {
        "segment_id": "s323",
        "from": "n318",
        "to": "n319",
        "length_m": 6,
        "highway": "footway",
        "osm_hint": "surface=unpaved"
      }
    },
    {
      "type": "Feature",
      "geometry": {
        "type": "LineString",
        "coordinates": [
          [
            -4.2908826,
            55.8743185
          ],
          [
            -4.2907833,
            55.8743349
          ]
        ]
      },
      "properties": {
        "segment_id": "s324",
        "from": "n320",
        "to": "n319",
        "length_m": 6,
        "highway": "footway",
        "osm_hint": "surface=unpaved"
      }
    },
    {
      "type": "Feature",
      "geometry": {
        "type": "LineString",
        "coordinates": [
          [
            -4.2907833,
            55.8743349
          ],
          [
            -4.2907558,
            55.8743395
          ]
        ]
      },
      "properties": {
        "segment_id": "s325",
        "from": "n319",
        "to": "n96",
        "length_m": 2,
        "highway": "footway",
        "osm_hint": "surface=unpaved"
      }
    },
    {
      "type": "Feature",
      "geometry": {
        "type": "LineString",
        "coordinates": [
          [
            -4.291059,
            55.8739433
          ],
          [
            -4.2910228,
            55.8739171
          ],
          [
            -4.2909698,
            55.873887
          ],
          [
            -4.2909242,
            55.8738411
          ],
          [
            -4.2909149,
            55.8738057
          ]
        ]
      },
      "properties": {
        "segment_id": "s326",
        "from": "n321",
        "to": "n109",
        "length_m": 18,
        "highway": "footway",
        "osm_hint": "surface=asphalt"
      }
    },
    {
      "type": "Feature",
      "geometry": {
        "type": "LineString",
        "coordinates": [
          [
            -4.2910825,
            55.8739551
          ],
          [
            -4.291059,
            55.8739433
          ]
        ]
      },
      "properties": {
        "segment_id": "s327",
        "from": "n322",
        "to": "n321",
        "length_m": 2,
        "highway": "footway",
        "osm_hint": "surface=asphalt"
      }
    },
    {
      "type": "Feature",
      "geometry": {
        "type": "LineString",
        "coordinates": [
          [
            -4.2911039,
            55.8739649
          ],
          [
            -4.2910825,
            55.8739551
          ]
        ]
      },
      "properties": {
        "segment_id": "s328",
        "from": "n323",
        "to": "n322",
        "length_m": 2,
        "highway": "steps",
        "osm_hint": "surface=asphalt; incline=down; tactile_paving=no; handrail=yes; step_count=5; ramp=no"
      }
    },
    {
      "type": "Feature",
      "geometry": {
        "type": "LineString",
        "coordinates": [
          [
            -4.2909531,
            55.8738063
          ],
          [
            -4.291008,
            55.8738072
          ]
        ]
      },
      "properties": {
        "segment_id": "s329",
        "from": "n110",
        "to": "n309",
        "length_m": 3,
        "highway": "steps",
        "osm_hint": "surface=paving_stones; incline=down; tactile_paving=no; handrail=yes; step_count=7; ramp=no"
      }
    },
    {
      "type": "Feature",
      "geometry": {
        "type": "LineString",
        "coordinates": [
          [
            -4.2908195,
            55.8737999
          ],
          [
            -4.2908516,
            55.8738046
          ]
        ]
      },
      "properties": {
        "segment_id": "s330",
        "from": "n101",
        "to": "n108",
        "length_m": 2,
        "highway": "steps",
        "osm_hint": "surface=paving_stones; incline=down; tactile_paving=no; handrail=yes; step_count=3; ramp=no"
      }
    },
    {
      "type": "Feature",
      "geometry": {
        "type": "LineString",
        "coordinates": [
          [
            -4.2910449,
            55.8744272
          ],
          [
            -4.2910074,
            55.8744358
          ],
          [
            -4.2909792,
            55.8744313
          ],
          [
            -4.2909443,
            55.8744072
          ],
          [
            -4.2908786,
            55.8743531
          ]
        ]
      },
      "properties": {
        "segment_id": "s331",
        "from": "n324",
        "to": "n318",
        "length_m": 15,
        "highway": "footway",
        "osm_hint": "surface=dirt"
      }
    },
    {
      "type": "Feature",
      "geometry": {
        "type": "LineString",
        "coordinates": [
          [
            -4.2908786,
            55.8743531
          ],
          [
            -4.2908746,
            55.874335
          ],
          [
            -4.2908826,
            55.8743185
          ]
        ]
      },
      "properties": {
        "segment_id": "s332",
        "from": "n318",
        "to": "n320",
        "length_m": 4,
        "highway": "footway",
        "osm_hint": "surface=dirt"
      }
    },
    {
      "type": "Feature",
      "geometry": {
        "type": "LineString",
        "coordinates": [
          [
            -4.2908826,
            55.8743185
          ],
          [
            -4.2910101,
            55.8742229
          ],
          [
            -4.2910449,
            55.874171
          ],
          [
            -4.2910476,
            55.8741274
          ],
          [
            -4.2910127,
            55.8741101
          ],
          [
            -4.2910007,
            55.8741003
          ],
          [
            -4.2909685,
            55.8740672
          ],
          [
            -4.2909738,
            55.8740446
          ],
          [
            -4.291017,
            55.8739855
          ]
        ]
      },
      "properties": {
        "segment_id": "s333",
        "from": "n320",
        "to": "n325",
        "length_m": 42,
        "highway": "footway",
        "osm_hint": "surface=dirt"
      }
    },
    {
      "type": "Feature",
      "geometry": {
        "type": "LineString",
        "coordinates": [
          [
            -4.291017,
            55.8739855
          ],
          [
            -4.291059,
            55.8739433
          ]
        ]
      },
      "properties": {
        "segment_id": "s334",
        "from": "n325",
        "to": "n321",
        "length_m": 5,
        "highway": "footway",
        "osm_hint": "surface=dirt"
      }
    },
    {
      "type": "Feature",
      "geometry": {
        "type": "LineString",
        "coordinates": [
          [
            -4.2909765,
            55.8739581
          ],
          [
            -4.291017,
            55.8739855
          ]
        ]
      },
      "properties": {
        "segment_id": "s335",
        "from": "n326",
        "to": "n325",
        "length_m": 4,
        "highway": "footway",
        "osm_hint": ""
      }
    },
    {
      "type": "Feature",
      "geometry": {
        "type": "LineString",
        "coordinates": [
          [
            -4.291017,
            55.8739855
          ],
          [
            -4.291061,
            55.8740303
          ],
          [
            -4.2911348,
            55.8740679
          ],
          [
            -4.2912938,
            55.8741142
          ]
        ]
      },
      "properties": {
        "segment_id": "s336",
        "from": "n325",
        "to": "n317",
        "length_m": 23,
        "highway": "footway",
        "osm_hint": ""
      }
    },
    {
      "type": "Feature",
      "geometry": {
        "type": "LineString",
        "coordinates": [
          [
            -4.2912938,
            55.8741142
          ],
          [
            -4.2911736,
            55.8743742
          ],
          [
            -4.2910449,
            55.8744272
          ]
        ]
      },
      "properties": {
        "segment_id": "s337",
        "from": "n317",
        "to": "n324",
        "length_m": 40,
        "highway": "footway",
        "osm_hint": ""
      }
    },
    {
      "type": "Feature",
      "geometry": {
        "type": "LineString",
        "coordinates": [
          [
            -4.2909001,
            55.8739317
          ],
          [
            -4.2909765,
            55.8739581
          ]
        ]
      },
      "properties": {
        "segment_id": "s338",
        "from": "n327",
        "to": "n326",
        "length_m": 6,
        "highway": "steps",
        "osm_hint": "surface=paving_stones; incline=up; tactile_paving=no; handrail=no; step_count=7; ramp=no"
      }
    },
    {
      "type": "Feature",
      "geometry": {
        "type": "LineString",
        "coordinates": [
          [
            -4.2908733,
            55.8739235
          ],
          [
            -4.2909001,
            55.8739317
          ]
        ]
      },
      "properties": {
        "segment_id": "s339",
        "from": "n328",
        "to": "n327",
        "length_m": 2,
        "highway": "footway",
        "osm_hint": "surface=concrete:lanes"
      }
    },
    {
      "type": "Feature",
      "geometry": {
        "type": "LineString",
        "coordinates": [
          [
            -4.2908179,
            55.8739109
          ],
          [
            -4.2908733,
            55.8739235
          ]
        ]
      },
      "properties": {
        "segment_id": "s340",
        "from": "n90",
        "to": "n328",
        "length_m": 4,
        "highway": "steps",
        "osm_hint": "surface=paving_stones; incline=up; tactile_paving=no; handrail=no; step_count=6; ramp=no"
      }
    },
    {
      "type": "Feature",
      "geometry": {
        "type": "LineString",
        "coordinates": [
          [
            -4.2904159,
            55.8743704
          ],
          [
            -4.2904012,
            55.8743945
          ]
        ]
      },
      "properties": {
        "segment_id": "s341",
        "from": "n329",
        "to": "n330",
        "length_m": 3,
        "highway": "footway",
        "osm_hint": "surface=paved"
      }
    },
    {
      "type": "Feature",
      "geometry": {
        "type": "LineString",
        "coordinates": [
          [
            -4.2904307,
            55.8743358
          ],
          [
            -4.2904159,
            55.8743704
          ]
        ]
      },
      "properties": {
        "segment_id": "s342",
        "from": "n331",
        "to": "n329",
        "length_m": 4,
        "highway": "steps",
        "osm_hint": "surface=paved; incline=down; step_count=6"
      }
    },
    {
      "type": "Feature",
      "geometry": {
        "type": "LineString",
        "coordinates": [
          [
            -4.2904361,
            55.874313
          ],
          [
            -4.2904307,
            55.8743358
          ]
        ]
      },
      "properties": {
        "segment_id": "s343",
        "from": "n91",
        "to": "n331",
        "length_m": 3,
        "highway": "footway",
        "osm_hint": "surface=paved"
      }
    },
    {
      "type": "Feature",
      "geometry": {
        "type": "LineString",
        "coordinates": [
          [
            -4.2905071,
            55.8743252
          ],
          [
            -4.2904361,
            55.874313
          ]
        ]
      },
      "properties": {
        "segment_id": "s344",
        "from": "n97",
        "to": "n91",
        "length_m": 5,
        "highway": "footway",
        "osm_hint": "surface=paving_stones; incline=down; ramp=no"
      }
    },
    {
      "type": "Feature",
      "geometry": {
        "type": "LineString",
        "coordinates": [
          [
            -4.2901061,
            55.8748534
          ],
          [
            -4.2900968,
            55.874791
          ],
          [
            -4.2904012,
            55.8743945
          ]
        ]
      },
      "properties": {
        "segment_id": "s345",
        "from": "n332",
        "to": "n330",
        "length_m": 55,
        "highway": "service",
        "osm_hint": ""
      }
    },
    {
      "type": "Feature",
      "geometry": {
        "type": "LineString",
        "coordinates": [
          [
            -4.2915361,
            55.8736861
          ],
          [
            -4.2915587,
            55.8737032
          ]
        ]
      },
      "properties": {
        "segment_id": "s346",
        "from": "n333",
        "to": "n334",
        "length_m": 2,
        "highway": "footway",
        "osm_hint": "surface=concrete"
      }
    },
    {
      "type": "Feature",
      "geometry": {
        "type": "LineString",
        "coordinates": [
          [
            -4.2915227,
            55.8736769
          ],
          [
            -4.2915361,
            55.8736861
          ]
        ]
      },
      "properties": {
        "segment_id": "s347",
        "from": "n335",
        "to": "n333",
        "length_m": 1,
        "highway": "steps",
        "osm_hint": "surface=concrete; incline=up; tactile_paving=no; handrail=yes; step_count=7; ramp=separate; ramp:wheelchair=separate"
      }
    },
    {
      "type": "Feature",
      "geometry": {
        "type": "LineString",
        "coordinates": [
          [
            -4.2915411,
            55.8736402
          ],
          [
            -4.2915156,
            55.8736436
          ],
          [
            -4.2914928,
            55.873653
          ]
        ]
      },
      "properties": {
        "segment_id": "s348",
        "from": "n336",
        "to": "n314",
        "length_m": 3,
        "highway": "footway",
        "osm_hint": "surface=paving_stones"
      }
    },
    {
      "type": "Feature",
      "geometry": {
        "type": "LineString",
        "coordinates": [
          [
            -4.2914928,
            55.873653
          ],
          [
            -4.2915227,
            55.8736769
          ]
        ]
      },
      "properties": {
        "segment_id": "s349",
        "from": "n314",
        "to": "n335",
        "length_m": 3,
        "highway": "footway",
        "osm_hint": "surface=paving_stones"
      }
    },
    {
      "type": "Feature",
      "geometry": {
        "type": "LineString",
        "coordinates": [
          [
            -4.2915968,
            55.8736425
          ],
          [
            -4.2915411,
            55.8736402
          ]
        ]
      },
      "properties": {
        "segment_id": "s350",
        "from": "n337",
        "to": "n336",
        "length_m": 3,
        "highway": "steps",
        "osm_hint": "surface=concrete; incline=up; tactile_paving=no; handrail=yes; step_count=9; ramp=separate; ramp:wheelchair=separate"
      }
    },
    {
      "type": "Feature",
      "geometry": {
        "type": "LineString",
        "coordinates": [
          [
            -4.2916397,
            55.8736406
          ],
          [
            -4.2915968,
            55.8736425
          ]
        ]
      },
      "properties": {
        "segment_id": "s351",
        "from": "n338",
        "to": "n337",
        "length_m": 3,
        "highway": "footway",
        "osm_hint": "surface=concrete"
      }
    },
    {
      "type": "Feature",
      "geometry": {
        "type": "LineString",
        "coordinates": [
          [
            -4.2916907,
            55.8736346
          ],
          [
            -4.2916397,
            55.8736406
          ]
        ]
      },
      "properties": {
        "segment_id": "s352",
        "from": "n339",
        "to": "n338",
        "length_m": 3,
        "highway": "steps",
        "osm_hint": "surface=concrete; incline=up; tactile_paving=no; handrail=yes; step_count=9; ramp=no"
      }
    },
    {
      "type": "Feature",
      "geometry": {
        "type": "LineString",
        "coordinates": [
          [
            -4.2918119,
            55.8735898
          ],
          [
            -4.2916907,
            55.8736346
          ]
        ]
      },
      "properties": {
        "segment_id": "s353",
        "from": "n6",
        "to": "n339",
        "length_m": 9,
        "highway": "footway",
        "osm_hint": "surface=concrete"
      }
    },
    {
      "type": "Feature",
      "geometry": {
        "type": "LineString",
        "coordinates": [
          [
            -4.2912572,
            55.8735688
          ],
          [
            -4.2913394,
            55.8735398
          ]
        ]
      },
      "properties": {
        "segment_id": "s354",
        "from": "n340",
        "to": "n313",
        "length_m": 6,
        "highway": "footway",
        "osm_hint": "surface=concrete"
      }
    },
    {
      "type": "Feature",
      "geometry": {
        "type": "LineString",
        "coordinates": [
          [
            -4.2913394,
            55.8735398
          ],
          [
            -4.2913875,
            55.8735229
          ]
        ]
      },
      "properties": {
        "segment_id": "s355",
        "from": "n313",
        "to": "n341",
        "length_m": 4,
        "highway": "footway",
        "osm_hint": "surface=concrete"
      }
    },
    {
      "type": "Feature",
      "geometry": {
        "type": "LineString",
        "coordinates": [
          [
            -4.2912265,
            55.8735819
          ],
          [
            -4.2912572,
            55.8735688
          ]
        ]
      },
      "properties": {
        "segment_id": "s356",
        "from": "n342",
        "to": "n340",
        "length_m": 2,
        "highway": "steps",
        "osm_hint": "surface=concrete; incline=down; tactile_paving=no; handrail=yes; step_count=7; ramp=no"
      }
    },
    {
      "type": "Feature",
      "geometry": {
        "type": "LineString",
        "coordinates": [
          [
            -4.2911931,
            55.8735962
          ],
          [
            -4.2912265,
            55.8735819
          ]
        ]
      },
      "properties": {
        "segment_id": "s357",
        "from": "n343",
        "to": "n342",
        "length_m": 3,
        "highway": "footway",
        "osm_hint": "surface=concrete"
      }
    },
    {
      "type": "Feature",
      "geometry": {
        "type": "LineString",
        "coordinates": [
          [
            -4.2911802,
            55.8736017
          ],
          [
            -4.2911931,
            55.8735962
          ]
        ]
      },
      "properties": {
        "segment_id": "s358",
        "from": "n344",
        "to": "n343",
        "length_m": 1,
        "highway": "steps",
        "osm_hint": "surface=concrete; incline=down; tactile_paving=no; handrail=yes; step_count=2; ramp=no"
      }
    },
    {
      "type": "Feature",
      "geometry": {
        "type": "LineString",
        "coordinates": [
          [
            -4.2911501,
            55.8736146
          ],
          [
            -4.2911802,
            55.8736017
          ]
        ]
      },
      "properties": {
        "segment_id": "s359",
        "from": "n345",
        "to": "n344",
        "length_m": 2,
        "highway": "footway",
        "osm_hint": "surface=concrete"
      }
    },
    {
      "type": "Feature",
      "geometry": {
        "type": "LineString",
        "coordinates": [
          [
            -4.2911263,
            55.8736247
          ],
          [
            -4.2911501,
            55.8736146
          ]
        ]
      },
      "properties": {
        "segment_id": "s360",
        "from": "n346",
        "to": "n345",
        "length_m": 2,
        "highway": "steps",
        "osm_hint": "surface=concrete; incline=down; tactile_paving=no; handrail=yes; step_count=6; ramp=no"
      }
    },
    {
      "type": "Feature",
      "geometry": {
        "type": "LineString",
        "coordinates": [
          [
            -4.2911054,
            55.8736337
          ],
          [
            -4.2911263,
            55.8736247
          ]
        ]
      },
      "properties": {
        "segment_id": "s361",
        "from": "n347",
        "to": "n346",
        "length_m": 2,
        "highway": "footway",
        "osm_hint": "surface=concrete"
      }
    },
    {
      "type": "Feature",
      "geometry": {
        "type": "LineString",
        "coordinates": [
          [
            -4.2910911,
            55.8736398
          ],
          [
            -4.2911054,
            55.8736337
          ]
        ]
      },
      "properties": {
        "segment_id": "s362",
        "from": "n348",
        "to": "n347",
        "length_m": 1,
        "highway": "steps",
        "osm_hint": "surface=concrete; incline=down; tactile_paving=no; handrail=yes; step_count=4; ramp=no"
      }
    },
    {
      "type": "Feature",
      "geometry": {
        "type": "LineString",
        "coordinates": [
          [
            -4.2910671,
            55.87365
          ],
          [
            -4.2910911,
            55.8736398
          ]
        ]
      },
      "properties": {
        "segment_id": "s363",
        "from": "n349",
        "to": "n348",
        "length_m": 2,
        "highway": "footway",
        "osm_hint": "surface=concrete"
      }
    },
    {
      "type": "Feature",
      "geometry": {
        "type": "LineString",
        "coordinates": [
          [
            -4.2910516,
            55.8736567
          ],
          [
            -4.2910671,
            55.87365
          ]
        ]
      },
      "properties": {
        "segment_id": "s364",
        "from": "n350",
        "to": "n349",
        "length_m": 1,
        "highway": "steps",
        "osm_hint": "surface=concrete; incline=down; tactile_paving=no; handrail=yes; step_count=5; ramp=no"
      }
    },
    {
      "type": "Feature",
      "geometry": {
        "type": "LineString",
        "coordinates": [
          [
            -4.2910061,
            55.8736761
          ],
          [
            -4.2910248,
            55.8736683
          ]
        ]
      },
      "properties": {
        "segment_id": "s365",
        "from": "n351",
        "to": "n315",
        "length_m": 1,
        "highway": "footway",
        "osm_hint": "surface=concrete"
      }
    },
    {
      "type": "Feature",
      "geometry": {
        "type": "LineString",
        "coordinates": [
          [
            -4.2910248,
            55.8736683
          ],
          [
            -4.2910516,
            55.8736567
          ]
        ]
      },
      "properties": {
        "segment_id": "s366",
        "from": "n315",
        "to": "n350",
        "length_m": 2,
        "highway": "footway",
        "osm_hint": "surface=concrete"
      }
    },
    {
      "type": "Feature",
      "geometry": {
        "type": "LineString",
        "coordinates": [
          [
            -4.2910127,
            55.8736816
          ],
          [
            -4.2910061,
            55.8736761
          ]
        ]
      },
      "properties": {
        "segment_id": "s367",
        "from": "n352",
        "to": "n351",
        "length_m": 1,
        "highway": "footway",
        "osm_hint": "surface=concrete"
      }
    },
    {
      "type": "Feature",
      "geometry": {
        "type": "LineString",
        "coordinates": [
          [
            -4.2910268,
            55.8736917
          ],
          [
            -4.2910127,
            55.8736816
          ]
        ]
      },
      "properties": {
        "segment_id": "s368",
        "from": "n305",
        "to": "n352",
        "length_m": 1,
        "highway": "steps",
        "osm_hint": "surface=concrete; incline=down; tactile_paving=no; handrail=yes; step_count=6; ramp=no"
      }
    },
    {
      "type": "Feature",
      "geometry": {
        "type": "LineString",
        "coordinates": [
          [
            -4.2910443,
            55.8737141
          ],
          [
            -4.2910721,
            55.8737015
          ],
          [
            -4.2910806,
            55.8737074
          ]
        ]
      },
      "properties": {
        "segment_id": "s369",
        "from": "n353",
        "to": "n354",
        "length_m": 3,
        "highway": "footway",
        "osm_hint": "surface=paving_stones"
      }
    },
    {
      "type": "Feature",
      "geometry": {
        "type": "LineString",
        "coordinates": [
          [
            -4.2910463,
            55.8737347
          ],
          [
            -4.2910443,
            55.8737141
          ]
        ]
      },
      "properties": {
        "segment_id": "s370",
        "from": "n307",
        "to": "n353",
        "length_m": 2,
        "highway": "footway",
        "osm_hint": "surface=concrete"
      }
    },
    {
      "type": "Feature",
      "geometry": {
        "type": "LineString",
        "coordinates": [
          [
            -4.2910443,
            55.8737141
          ],
          [
            -4.2910401,
            55.8737008
          ]
        ]
      },
      "properties": {
        "segment_id": "s371",
        "from": "n353",
        "to": "n304",
        "length_m": 2,
        "highway": "footway",
        "osm_hint": "surface=concrete"
      }
    },
    {
      "type": "Feature",
      "geometry": {
        "type": "LineString",
        "coordinates": [
          [
            -4.2910309,
            55.8737904
          ],
          [
            -4.2910426,
            55.8737741
          ]
        ]
      },
      "properties": {
        "segment_id": "s372",
        "from": "n355",
        "to": "n308",
        "length_m": 2,
        "highway": "steps",
        "osm_hint": "surface=paving_stones; incline=down; tactile_paving=no; handrail=yes; step_count=8; ramp=no"
      }
    },
    {
      "type": "Feature",
      "geometry": {
        "type": "LineString",
        "coordinates": [
          [
            -4.2910261,
            55.8737971
          ],
          [
            -4.2910309,
            55.8737904
          ]
        ]
      },
      "properties": {
        "segment_id": "s373",
        "from": "n310",
        "to": "n355",
        "length_m": 1,
        "highway": "footway",
        "osm_hint": "surface=paving_stones"
      }
    },
    {
      "type": "Feature",
      "geometry": {
        "type": "LineString",
        "coordinates": [
          [
            -4.2905789,
            55.8737903
          ],
          [
            -4.2906272,
            55.8737862
          ]
        ]
      },
      "properties": {
        "segment_id": "s374",
        "from": "n356",
        "to": "n98",
        "length_m": 3,
        "highway": "steps",
        "osm_hint": "surface=paving_stones; incline=down; tactile_paving=no; handrail=yes; step_count=3; ramp=no"
      }
    },
    {
      "type": "Feature",
      "geometry": {
        "type": "LineString",
        "coordinates": [
          [
            -4.2904703,
            55.8738161
          ],
          [
            -4.2905108,
            55.8737942
          ],
          [
            -4.2905789,
            55.8737903
          ]
        ]
      },
      "properties": {
        "segment_id": "s375",
        "from": "n357",
        "to": "n356",
        "length_m": 8,
        "highway": "footway",
        "osm_hint": "surface=paving_stones"
      }
    },
    {
      "type": "Feature",
      "geometry": {
        "type": "LineString",
        "coordinates": [
          [
            -4.2904651,
            55.873822
          ],
          [
            -4.2904703,
            55.8738161
          ]
        ]
      },
      "properties": {
        "segment_id": "s376",
        "from": "n358",
        "to": "n357",
        "length_m": 1,
        "highway": "steps",
        "osm_hint": "surface=concrete; incline=down; tactile_paving=no; handrail=no; step_count=2; ramp=no"
      }
    },
    {
      "type": "Feature",
      "geometry": {
        "type": "LineString",
        "coordinates": [
          [
            -4.2904628,
            55.8738269
          ],
          [
            -4.2904651,
            55.873822
          ]
        ]
      },
      "properties": {
        "segment_id": "s377",
        "from": "n87",
        "to": "n358",
        "length_m": 1,
        "highway": "footway",
        "osm_hint": "surface=paving_stones"
      }
    },
    {
      "type": "Feature",
      "geometry": {
        "type": "LineString",
        "coordinates": [
          [
            -4.2903254,
            55.8737948
          ],
          [
            -4.2903482,
            55.8737984
          ]
        ]
      },
      "properties": {
        "segment_id": "s378",
        "from": "n359",
        "to": "n86",
        "length_m": 1,
        "highway": "steps",
        "osm_hint": "surface=paving_stones; incline=down; tactile_paving=yes; handrail=yes; step_count=2; ramp=separate; ramp:wheelchair=separate"
      }
    },
    {
      "type": "Feature",
      "geometry": {
        "type": "LineString",
        "coordinates": [
          [
            -4.2902228,
            55.8737857
          ],
          [
            -4.2903254,
            55.8737948
          ]
        ]
      },
      "properties": {
        "segment_id": "s379",
        "from": "n360",
        "to": "n359",
        "length_m": 6,
        "highway": "footway",
        "osm_hint": "surface=paving_stones"
      }
    },
    {
      "type": "Feature",
      "geometry": {
        "type": "LineString",
        "coordinates": [
          [
            -4.2904527,
            55.8736157
          ],
          [
            -4.2904614,
            55.8735998
          ]
        ]
      },
      "properties": {
        "segment_id": "s380",
        "from": "n250",
        "to": "n226",
        "length_m": 2,
        "highway": "footway",
        "osm_hint": "surface=paving_stones; handrail=yes; lit=no"
      }
    },
    {
      "type": "Feature",
      "geometry": {
        "type": "LineString",
        "coordinates": [
          [
            -4.2904709,
            55.8735751
          ],
          [
            -4.2904858,
            55.8735397
          ]
        ]
      },
      "properties": {
        "segment_id": "s381",
        "from": "n361",
        "to": "n232",
        "length_m": 4,
        "highway": "steps",
        "osm_hint": "surface=paving_stones; incline=down; handrail=yes; step_count=18; lit=no; ramp=no"
      }
    },
    {
      "type": "Feature",
      "geometry": {
        "type": "LineString",
        "coordinates": [
          [
            -4.2904677,
            55.8735842
          ],
          [
            -4.2904709,
            55.8735751
          ]
        ]
      },
      "properties": {
        "segment_id": "s382",
        "from": "n227",
        "to": "n361",
        "length_m": 1,
        "highway": "footway",
        "osm_hint": "surface=paving_stones; handrail=yes; lit=no"
      }
    },
    {
      "type": "Feature",
      "geometry": {
        "type": "LineString",
        "coordinates": [
          [
            -4.2900283,
            55.8734902
          ],
          [
            -4.2899851,
            55.8734844
          ]
        ]
      },
      "properties": {
        "segment_id": "s383",
        "from": "n276",
        "to": "n273",
        "length_m": 3,
        "highway": "footway",
        "osm_hint": "surface=paving_stones; lit=yes"
      }
    },
    {
      "type": "Feature",
      "geometry": {
        "type": "LineString",
        "coordinates": [
          [
            -4.2899243,
            55.8734763
          ],
          [
            -4.2898549,
            55.8734671
          ]
        ]
      },
      "properties": {
        "segment_id": "s384",
        "from": "n274",
        "to": "n362",
        "length_m": 4,
        "highway": "footway",
        "osm_hint": "surface=paving_stones; lit=yes"
      }
    },
    {
      "type": "Feature",
      "geometry": {
        "type": "LineString",
        "coordinates": [
          [
            -4.2904374,
            55.8734939
          ],
          [
            -4.2904304,
            55.8734877
          ]
        ]
      },
      "properties": {
        "segment_id": "s385",
        "from": "n363",
        "to": "n364",
        "length_m": 1,
        "highway": "footway",
        "osm_hint": "surface=paved"
      }
    },
    {
      "type": "Feature",
      "geometry": {
        "type": "LineString",
        "coordinates": [
          [
            -4.2904478,
            55.8735019
          ],
          [
            -4.2904374,
            55.8734939
          ]
        ]
      },
      "properties": {
        "segment_id": "s386",
        "from": "n365",
        "to": "n363",
        "length_m": 1,
        "highway": "steps",
        "osm_hint": "surface=concrete; incline=up; step_count=4"
      }
    },
    {
      "type": "Feature",
      "geometry": {
        "type": "LineString",
        "coordinates": [
          [
            -4.2904921,
            55.8735234
          ],
          [
            -4.2904478,
            55.8735019
          ]
        ]
      },
      "properties": {
        "segment_id": "s387",
        "from": "n233",
        "to": "n365",
        "length_m": 4,
        "highway": "footway",
        "osm_hint": "surface=paved"
      }
    },
    {
      "type": "Feature",
      "geometry": {
        "type": "LineString",
        "coordinates": [
          [
            -4.2903355,
            55.8735348
          ],
          [
            -4.2903673,
            55.8735392
          ]
        ]
      },
      "properties": {
        "segment_id": "s388",
        "from": "n275",
        "to": "n224",
        "length_m": 2,
        "highway": "footway",
        "osm_hint": "surface=concrete; lit=no"
      }
    },
    {
      "type": "Feature",
      "geometry": {
        "type": "LineString",
        "coordinates": [
          [
            -4.2903167,
            55.8735834
          ],
          [
            -4.2903355,
            55.8735348
          ]
        ]
      },
      "properties": {
        "segment_id": "s389",
        "from": "n366",
        "to": "n275",
        "length_m": 6,
        "highway": "footway",
        "osm_hint": "surface=asphalt"
      }
    },
    {
      "type": "Feature",
      "geometry": {
        "type": "LineString",
        "coordinates": [
          [
            -4.2905973,
            55.8734577
          ],
          [
            -4.2906122,
            55.8734714
          ]
        ]
      },
      "properties": {
        "segment_id": "s390",
        "from": "n367",
        "to": "n229",
        "length_m": 2,
        "highway": "footway",
        "osm_hint": "surface=concrete"
      }
    },
    {
      "type": "Feature",
      "geometry": {
        "type": "LineString",
        "coordinates": [
          [
            -4.2905856,
            55.8734489
          ],
          [
            -4.2905973,
            55.8734577
          ]
        ]
      },
      "properties": {
        "segment_id": "s391",
        "from": "n368",
        "to": "n367",
        "length_m": 1,
        "highway": "steps",
        "osm_hint": "surface=paved; incline=down; handrail=yes; step_count=7"
      }
    },
    {
      "type": "Feature",
      "geometry": {
        "type": "LineString",
        "coordinates": [
          [
            -4.2905434,
            55.8734315
          ],
          [
            -4.2905708,
            55.8734371
          ],
          [
            -4.2905856,
            55.8734489
          ]
        ]
      },
      "properties": {
        "segment_id": "s392",
        "from": "n74",
        "to": "n368",
        "length_m": 3,
        "highway": "footway",
        "osm_hint": "surface=concrete"
      }
    },
    {
      "type": "Feature",
      "geometry": {
        "type": "LineString",
        "coordinates": [
          [
            -4.2906805,
            55.8734162
          ],
          [
            -4.2906484,
            55.8734299
          ]
        ]
      },
      "properties": {
        "segment_id": "s393",
        "from": "n369",
        "to": "n370",
        "length_m": 3,
        "highway": "steps",
        "osm_hint": "surface=concrete; incline=down; tactile_paving=no; handrail=yes; step_count=10; ramp=no"
      }
    },
    {
      "type": "Feature",
      "geometry": {
        "type": "LineString",
        "coordinates": [
          [
            -4.2906912,
            55.8734117
          ],
          [
            -4.2906805,
            55.8734162
          ]
        ]
      },
      "properties": {
        "segment_id": "s394",
        "from": "n371",
        "to": "n369",
        "length_m": 1,
        "highway": "footway",
        "osm_hint": "surface=concrete; handrail=yes; ramp=no"
      }
    },
    {
      "type": "Feature",
      "geometry": {
        "type": "LineString",
        "coordinates": [
          [
            -4.2906672,
            55.8734749
          ],
          [
            -4.2906631,
            55.8734771
          ]
        ]
      },
      "properties": {
        "segment_id": "s395",
        "from": "n372",
        "to": "n373",
        "length_m": 0,
        "highway": "footway",
        "osm_hint": "surface=concrete"
      }
    },
    {
      "type": "Feature",
      "geometry": {
        "type": "LineString",
        "coordinates": [
          [
            -4.2906755,
            55.8734714
          ],
          [
            -4.2906672,
            55.8734749
          ]
        ]
      },
      "properties": {
        "segment_id": "s396",
        "from": "n374",
        "to": "n372",
        "length_m": 1,
        "highway": "footway",
        "osm_hint": "surface=concrete; incline=up; step_count=6; ramp=no"
      }
    },
    {
      "type": "Feature",
      "geometry": {
        "type": "LineString",
        "coordinates": [
          [
            -4.2906554,
            55.8734459
          ],
          [
            -4.2906849,
            55.8734672
          ],
          [
            -4.2906755,
            55.8734714
          ]
        ]
      },
      "properties": {
        "segment_id": "s397",
        "from": "n375",
        "to": "n374",
        "length_m": 4,
        "highway": "footway",
        "osm_hint": "surface=asphalt"
      }
    },
    {
      "type": "Feature",
      "geometry": {
        "type": "LineString",
        "coordinates": [
          [
            -4.2906763,
            55.8734373
          ],
          [
            -4.2906554,
            55.8734459
          ]
        ]
      },
      "properties": {
        "segment_id": "s398",
        "from": "n376",
        "to": "n375",
        "length_m": 2,
        "highway": "footway",
        "osm_hint": "surface=concrete"
      }
    },
    {
      "type": "Feature",
      "geometry": {
        "type": "LineString",
        "coordinates": [
          [
            -4.2906554,
            55.8734459
          ],
          [
            -4.2906394,
            55.8734338
          ]
        ]
      },
      "properties": {
        "segment_id": "s399",
        "from": "n375",
        "to": "n377",
        "length_m": 2,
        "highway": "footway",
        "osm_hint": "surface=concrete"
      }
    },
    {
      "type": "Feature",
      "geometry": {
        "type": "LineString",
        "coordinates": [
          [
            -4.2906876,
            55.8734327
          ],
          [
            -4.2906763,
            55.8734373
          ]
        ]
      },
      "properties": {
        "segment_id": "s400",
        "from": "n378",
        "to": "n376",
        "length_m": 1,
        "highway": "steps",
        "osm_hint": "surface=concrete; incline=up; tactile_paving=no; handrail=yes; step_count=3; ramp=no"
      }
    },
    {
      "type": "Feature",
      "geometry": {
        "type": "LineString",
        "coordinates": [
          [
            -4.2907535,
            55.8734056
          ],
          [
            -4.2906876,
            55.8734327
          ]
        ]
      },
      "properties": {
        "segment_id": "s401",
        "from": "n379",
        "to": "n378",
        "length_m": 5,
        "highway": "footway",
        "osm_hint": "surface=paving_stones"
      }
    },
    {
      "type": "Feature",
      "geometry": {
        "type": "LineString",
        "coordinates": [
          [
            -4.2907638,
            55.8734014
          ],
          [
            -4.2907535,
            55.8734056
          ]
        ]
      },
      "properties": {
        "segment_id": "s402",
        "from": "n105",
        "to": "n379",
        "length_m": 1,
        "highway": "steps",
        "osm_hint": "surface=concrete; incline=up; tactile_paving=no; handrail=yes; step_count=2; ramp=no"
      }
    },
    {
      "type": "Feature",
      "geometry": {
        "type": "LineString",
        "coordinates": [
          [
            -4.2906484,
            55.8734299
          ],
          [
            -4.2906394,
            55.8734338
          ]
        ]
      },
      "properties": {
        "segment_id": "s403",
        "from": "n370",
        "to": "n377",
        "length_m": 1,
        "highway": "footway",
        "osm_hint": "surface=concrete; handrail=yes"
      }
    },
    {
      "type": "Feature",
      "geometry": {
        "type": "LineString",
        "coordinates": [
          [
            -4.2907249,
            55.8733973
          ],
          [
            -4.2906912,
            55.8734117
          ]
        ]
      },
      "properties": {
        "segment_id": "s404",
        "from": "n380",
        "to": "n371",
        "length_m": 3,
        "highway": "steps",
        "osm_hint": "surface=concrete; incline=down; tactile_paving=no; handrail=yes; step_count=10; ramp=no"
      }
    },
    {
      "type": "Feature",
      "geometry": {
        "type": "LineString",
        "coordinates": [
          [
            -4.2907083,
            55.8733838
          ],
          [
            -4.2907197,
            55.8733789
          ],
          [
            -4.2907362,
            55.8733924
          ],
          [
            -4.2907249,
            55.8733973
          ]
        ]
      },
      "properties": {
        "segment_id": "s405",
        "from": "n381",
        "to": "n380",
        "length_m": 4,
        "highway": "footway",
        "osm_hint": "surface=concrete; handrail=yes"
      }
    },
    {
      "type": "Feature",
      "geometry": {
        "type": "LineString",
        "coordinates": [
          [
            -4.2906089,
            55.8734257
          ],
          [
            -4.2907083,
            55.8733838
          ]
        ]
      },
      "properties": {
        "segment_id": "s406",
        "from": "n382",
        "to": "n381",
        "length_m": 8,
        "highway": "footway",
        "osm_hint": "surface=concrete"
      }
    },
    {
      "type": "Feature",
      "geometry": {
        "type": "LineString",
        "coordinates": [
          [
            -4.2906054,
            55.8734394
          ],
          [
            -4.2905955,
            55.8734314
          ],
          [
            -4.2906089,
            55.8734257
          ]
        ]
      },
      "properties": {
        "segment_id": "s407",
        "from": "n107",
        "to": "n382",
        "length_m": 2,
        "highway": "footway",
        "osm_hint": "surface=concrete; handrail=yes"
      }
    },
    {
      "type": "Feature",
      "geometry": {
        "type": "LineString",
        "coordinates": [
          [
            -4.2906264,
            55.8734562
          ],
          [
            -4.2906185,
            55.8734499
          ]
        ]
      },
      "properties": {
        "segment_id": "s408",
        "from": "n228",
        "to": "n106",
        "length_m": 1,
        "highway": "footway",
        "osm_hint": "surface=concrete; handrail=yes"
      }
    },
    {
      "type": "Feature",
      "geometry": {
        "type": "LineString",
        "coordinates": [
          [
            -4.2911914,
            55.8732081
          ],
          [
            -4.2912375,
            55.8731887
          ]
        ]
      },
      "properties": {
        "segment_id": "s409",
        "from": "n383",
        "to": "n296",
        "length_m": 4,
        "highway": "steps",
        "osm_hint": "surface=concrete; incline=down; tactile_paving=no; handrail=yes; step_count=6; ramp=no"
      }
    },
    {
      "type": "Feature",
      "geometry": {
        "type": "LineString",
        "coordinates": [
          [
            -4.2911422,
            55.8732286
          ],
          [
            -4.2911914,
            55.8732081
          ]
        ]
      },
      "properties": {
        "segment_id": "s410",
        "from": "n103",
        "to": "n383",
        "length_m": 4,
        "highway": "footway",
        "osm_hint": "surface=concrete; handrail=yes"
      }
    },
    {
      "type": "Feature",
      "geometry": {
        "type": "LineString",
        "coordinates": [
          [
            -4.2913366,
            55.8730488
          ],
          [
            -4.2913047,
            55.8730619
          ]
        ]
      },
      "properties": {
        "segment_id": "s411",
        "from": "n384",
        "to": "n311",
        "length_m": 2,
        "highway": "steps",
        "osm_hint": "incline=up; handrail=yes; step_count=9"
      }
    },
    {
      "type": "Feature",
      "geometry": {
        "type": "LineString",
        "coordinates": [
          [
            -4.2913563,
            55.8730406
          ],
          [
            -4.2913366,
            55.8730488
          ]
        ]
      },
      "properties": {
        "segment_id": "s412",
        "from": "n267",
        "to": "n384",
        "length_m": 2,
        "highway": "footway",
        "osm_hint": "handrail=yes"
      }
    },
    {
      "type": "Feature",
      "geometry": {
        "type": "LineString",
        "coordinates": [
          [
            -4.292777,
            55.8737504
          ],
          [
            -4.2927999,
            55.8737429
          ]
        ]
      },
      "properties": {
        "segment_id": "s413",
        "from": "n385",
        "to": "n140",
        "length_m": 2,
        "highway": "footway",
        "osm_hint": "surface=concrete; wheelchair=no; lit=no"
      }
    },
    {
      "type": "Feature",
      "geometry": {
        "type": "LineString",
        "coordinates": [
          [
            -4.2927474,
            55.873764
          ],
          [
            -4.292777,
            55.8737504
          ]
        ]
      },
      "properties": {
        "segment_id": "s414",
        "from": "n386",
        "to": "n385",
        "length_m": 2,
        "highway": "steps",
        "osm_hint": "surface=concrete; incline=down; wheelchair=no; tactile_paving=yes; handrail=yes; step_count=8; lit=no; ramp=no"
      }
    },
    {
      "type": "Feature",
      "geometry": {
        "type": "LineString",
        "coordinates": [
          [
            -4.2927109,
            55.8737799
          ],
          [
            -4.2927474,
            55.873764
          ]
        ]
      },
      "properties": {
        "segment_id": "s415",
        "from": "n387",
        "to": "n386",
        "length_m": 3,
        "highway": "footway",
        "osm_hint": "surface=concrete; wheelchair=no; lit=no"
      }
    },
    {
      "type": "Feature",
      "geometry": {
        "type": "LineString",
        "coordinates": [
          [
            -4.2926716,
            55.873797
          ],
          [
            -4.2927109,
            55.8737799
          ]
        ]
      },
      "properties": {
        "segment_id": "s416",
        "from": "n388",
        "to": "n387",
        "length_m": 3,
        "highway": "steps",
        "osm_hint": "surface=concrete; incline=down; wheelchair=no; tactile_paving=yes; handrail=yes; step_count=8; lit=no; ramp=no"
      }
    },
    {
      "type": "Feature",
      "geometry": {
        "type": "LineString",
        "coordinates": [
          [
            -4.2926228,
            55.8738183
          ],
          [
            -4.2926716,
            55.873797
          ]
        ]
      },
      "properties": {
        "segment_id": "s417",
        "from": "n389",
        "to": "n388",
        "length_m": 4,
        "highway": "footway",
        "osm_hint": "surface=concrete; wheelchair=no; lit=no"
      }
    },
    {
      "type": "Feature",
      "geometry": {
        "type": "LineString",
        "coordinates": [
          [
            -4.2925701,
            55.8738413
          ],
          [
            -4.2926228,
            55.8738183
          ]
        ]
      },
      "properties": {
        "segment_id": "s418",
        "from": "n390",
        "to": "n389",
        "length_m": 4,
        "highway": "steps",
        "osm_hint": "surface=concrete; incline=down; wheelchair=no; tactile_paving=yes; handrail=yes; step_count=8; lit=no; ramp=no"
      }
    },
    {
      "type": "Feature",
      "geometry": {
        "type": "LineString",
        "coordinates": [
          [
            -4.2924945,
            55.8738827
          ],
          [
            -4.2925235,
            55.873866
          ],
          [
            -4.2925701,
            55.8738413
          ]
        ]
      },
      "properties": {
        "segment_id": "s419",
        "from": "n391",
        "to": "n390",
        "length_m": 7,
        "highway": "footway",
        "osm_hint": "surface=concrete; wheelchair=no; lit=no"
      }
    },
    {
      "type": "Feature",
      "geometry": {
        "type": "LineString",
        "coordinates": [
          [
            -4.2924721,
            55.8738946
          ],
          [
            -4.2924945,
            55.8738827
          ]
        ]
      },
      "properties": {
        "segment_id": "s420",
        "from": "n392",
        "to": "n391",
        "length_m": 2,
        "highway": "steps",
        "osm_hint": "surface=concrete; incline=down; wheelchair=no; tactile_paving=yes; handrail=yes; step_count=4; lit=no; ramp=no"
      }
    },
    {
      "type": "Feature",
      "geometry": {
        "type": "LineString",
        "coordinates": [
          [
            -4.2924236,
            55.8739191
          ],
          [
            -4.2924721,
            55.8738946
          ]
        ]
      },
      "properties": {
        "segment_id": "s421",
        "from": "n393",
        "to": "n392",
        "length_m": 4,
        "highway": "footway",
        "osm_hint": "surface=concrete; wheelchair=no; handrail=yes; lit=no"
      }
    },
    {
      "type": "Feature",
      "geometry": {
        "type": "LineString",
        "coordinates": [
          [
            -4.2924028,
            55.8739302
          ],
          [
            -4.2924236,
            55.8739191
          ]
        ]
      },
      "properties": {
        "segment_id": "s422",
        "from": "n147",
        "to": "n393",
        "length_m": 2,
        "highway": "steps",
        "osm_hint": "surface=concrete; incline=down; wheelchair=no; tactile_paving=yes; handrail=yes; step_count=4; lit=no; ramp=no"
      }
    },
    {
      "type": "Feature",
      "geometry": {
        "type": "LineString",
        "coordinates": [
          [
            -4.2901531,
            55.8739415
          ],
          [
            -4.2902228,
            55.8737857
          ]
        ]
      },
      "properties": {
        "segment_id": "s423",
        "from": "n394",
        "to": "n360",
        "length_m": 18,
        "highway": "service",
        "osm_hint": "surface=asphalt"
      }
    },
    {
      "type": "Feature",
      "geometry": {
        "type": "LineString",
        "coordinates": [
          [
            -4.2902228,
            55.8737857
          ],
          [
            -4.2903167,
            55.8735834
          ]
        ]
      },
      "properties": {
        "segment_id": "s424",
        "from": "n360",
        "to": "n366",
        "length_m": 23,
        "highway": "service",
        "osm_hint": "surface=asphalt"
      }
    },
    {
      "type": "Feature",
      "geometry": {
        "type": "LineString",
        "coordinates": [
          [
            -4.2906828,
            55.8737798
          ],
          [
            -4.2906647,
            55.8738042
          ],
          [
            -4.290662,
            55.873817
          ],
          [
            -4.2906775,
            55.8738339
          ],
          [
            -4.2907023,
            55.8738509
          ],
          [
            -4.290713,
            55.8738633
          ],
          [
            -4.290705,
            55.8738836
          ],
          [
            -4.290702,
            55.8738977
          ]
        ]
      },
      "properties": {
        "segment_id": "s425",
        "from": "n100",
        "to": "n89",
        "length_m": 14,
        "highway": "path",
        "osm_hint": "surface=paving_stones"
      }
    },
    {
      "type": "Feature",
      "geometry": {
        "type": "LineString",
        "coordinates": [
          [
            -4.2905256,
            55.8738571
          ],
          [
            -4.2905122,
            55.8738756
          ]
        ]
      },
      "properties": {
        "segment_id": "s426",
        "from": "n88",
        "to": "n395",
        "length_m": 2,
        "highway": "footway",
        "osm_hint": "surface=paving_stones"
      }
    },
    {
      "type": "Feature",
      "geometry": {
        "type": "LineString",
        "coordinates": [
          [
            -4.2898549,
            55.8734671
          ],
          [
            -4.2897947,
            55.8734617
          ]
        ]
      },
      "properties": {
        "segment_id": "s427",
        "from": "n362",
        "to": "n222",
        "length_m": 4,
        "highway": "footway",
        "osm_hint": "surface=paving_stones; lit=yes"
      }
    },
    {
      "type": "Feature",
      "geometry": {
        "type": "LineString",
        "coordinates": [
          [
            -4.2931286,
            55.870932
          ],
          [
            -4.2931442,
            55.870999
          ],
          [
            -4.293179,
            55.8710464
          ],
          [
            -4.293309,
            55.8711056
          ]
        ]
      },
      "properties": {
        "segment_id": "s428",
        "from": "n236",
        "to": "n127",
        "length_m": 24,
        "highway": "service",
        "osm_hint": ""
      }
    },
    {
      "type": "Feature",
      "geometry": {
        "type": "LineString",
        "coordinates": [
          [
            -4.2939745,
            55.8710296
          ],
          [
            -4.2938831,
            55.8709637
          ],
          [
            -4.2937971,
            55.8708417
          ],
          [
            -4.2937983,
            55.8706865
          ],
          [
            -4.2938207,
            55.8706046
          ],
          [
            -4.2939362,
            55.8705565
          ],
          [
            -4.2941312,
            55.8705327
          ]
        ]
      },
      "properties": {
        "segment_id": "s429",
        "from": "n396",
        "to": "n242",
        "length_m": 72,
        "highway": "service",
        "osm_hint": ""
      }
    },
    {
      "type": "Feature",
      "geometry": {
        "type": "LineString",
        "coordinates": [
          [
            -4.2865868,
            55.8702997
          ],
          [
            -4.2865911,
            55.8703638
          ],
          [
            -4.2866123,
            55.8704267
          ],
          [
            -4.2866219,
            55.8704476
          ]
        ]
      },
      "properties": {
        "segment_id": "s430",
        "from": "n10",
        "to": "n397",
        "length_m": 17,
        "highway": "footway",
        "osm_hint": "surface=asphalt; incline=up; tactile_paving=no; handrail=no; lit=no; ramp=no"
      }
    },
    {
      "type": "Feature",
      "geometry": {
        "type": "LineString",
        "coordinates": [
          [
            -4.2866219,
            55.8704476
          ],
          [
            -4.2866646,
            55.8705409
          ]
        ]
      },
      "properties": {
        "segment_id": "s431",
        "from": "n397",
        "to": "n398",
        "length_m": 11,
        "highway": "steps",
        "osm_hint": "surface=asphalt; incline=up; tactile_paving=no; handrail=no; step_count=4; lit=no; ramp=no"
      }
    },
    {
      "type": "Feature",
      "geometry": {
        "type": "LineString",
        "coordinates": [
          [
            -4.2866646,
            55.8705409
          ],
          [
            -4.2868277,
            55.8706822
          ]
        ]
      },
      "properties": {
        "segment_id": "s432",
        "from": "n398",
        "to": "n22",
        "length_m": 19,
        "highway": "steps",
        "osm_hint": "surface=asphalt; incline=up; tactile_paving=no; handrail=both; step_count=23; lit=no; ramp=no"
      }
    },
    {
      "type": "Feature",
      "geometry": {
        "type": "LineString",
        "coordinates": [
          [
            -4.2862928,
            55.8721934
          ],
          [
            -4.2862984,
            55.8721829
          ],
          [
            -4.2863073,
            55.8721736
          ],
          [
            -4.2863196,
            55.8721669
          ],
          [
            -4.2863326,
            55.8721633
          ],
          [
            -4.2863487,
            55.8721599
          ],
          [
            -4.2863642,
            55.8721593
          ],
          [
            -4.2875206,
            55.8722774
          ],
          [
            -4.2875409,
            55.8722805
          ],
          [
            -4.2875643,
            55.8722897
          ],
          [
            -4.2875794,
            55.8723034
          ],
          [
            -4.2875877,
            55.8723151
          ],
          [
            -4.2875829,
            55.8723313
          ],
          [
            -4.2875717,
            55.872347
          ],
          [
            -4.2875521,
            55.8723749
          ],
          [
            -4.2875281,
            55.8723709
          ],
          [
            -4.2875304,
            55.8723678
          ],
          [
            -4.2875341,
            55.8723617
          ],
          [
            -4.287534,
            55.8723553
          ],
          [
            -4.2875303,
            55.8723492
          ],
          [
            -4.2875233,
            55.8723441
          ],
          [
            -4.2875137,
            55.8723406
          ],
          [
            -4.2875026,
            55.872339
          ],
          [
            -4.2873624,
            55.8723127
          ],
          [
            -4.2873166,
            55.8723056
          ],
          [
            -4.2871371,
            55.87227
          ],
          [
            -4.2870889,
            55.8722608
          ],
          [
            -4.2870061,
            55.8722456
          ],
          [
            -4.2869897,
            55.8722439
          ],
          [
            -4.2869666,
            55.8722399
          ],
          [
            -4.2863436,
            55.872197
          ],
          [
            -4.2862928,
            55.8721934
          ]
        ]
      },
      "properties": {
        "segment_id": "s433",
        "from": "n399",
        "to": "n399",
        "length_m": 177,
        "highway": "pedestrian",
        "osm_hint": "surface=paving_stones"
      }
    },
    {
      "type": "Feature",
      "geometry": {
        "type": "LineString",
        "coordinates": [
          [
            -4.2876646,
            55.8724083
          ],
          [
            -4.2876349,
            55.8724023
          ],
          [
            -4.2876847,
            55.8723314
          ],
          [
            -4.2876973,
            55.8723217
          ],
          [
            -4.2877146,
            55.872315
          ],
          [
            -4.287727,
            55.8723119
          ],
          [
            -4.2877469,
            55.87231
          ],
          [
            -4.2877635,
            55.8723095
          ],
          [
            -4.2888605,
            55.8724927
          ],
          [
            -4.2888899,
            55.8725003
          ],
          [
            -4.2889111,
            55.8725152
          ],
          [
            -4.2889177,
            55.8725386
          ],
          [
            -4.2889152,
            55.8725564
          ],
          [
            -4.2889118,
            55.8725646
          ],
          [
            -4.2888739,
            55.8725667
          ],
          [
            -4.2888705,
            55.8725558
          ],
          [
            -4.288862,
            55.8725453
          ],
          [
            -4.288848,
            55.8725333
          ],
          [
            -4.2888129,
            55.8725231
          ],
          [
            -4.2881077,
            55.8724221
          ],
          [
            -4.2879396,
            55.8723995
          ],
          [
            -4.2877843,
            55.8723778
          ],
          [
            -4.2877529,
            55.872375
          ],
          [
            -4.2877257,
            55.8723783
          ],
          [
            -4.2877003,
            55.8723866
          ],
          [
            -4.2876684,
            55.8724031
          ],
          [
            -4.2876646,
            55.8724083
          ]
        ]
      },
      "properties": {
        "segment_id": "s434",
        "from": "n400",
        "to": "n400",
        "length_m": 181,
        "highway": "pedestrian",
        "osm_hint": "surface=paving_stones"
      }
    },
    {
      "type": "Feature",
      "geometry": {
        "type": "LineString",
        "coordinates": [
          [
            -4.2921395,
            55.8743855
          ],
          [
            -4.2919858,
            55.8743845
          ]
        ]
      },
      "properties": {
        "segment_id": "s435",
        "from": "n213",
        "to": "n401",
        "length_m": 10,
        "highway": "steps",
        "osm_hint": "surface=concrete; incline=down; tactile_paving=no; handrail=yes; step_count=11; ramp=no"
      }
    },
    {
      "type": "Feature",
      "geometry": {
        "type": "LineString",
        "coordinates": [
          [
            -4.2919125,
            55.8725967
          ],
          [
            -4.2919512,
            55.8725979
          ],
          [
            -4.2920342,
            55.8726298
          ]
        ]
      },
      "properties": {
        "segment_id": "s436",
        "from": "n48",
        "to": "n201",
        "length_m": 9,
        "highway": "pedestrian",
        "osm_hint": "surface=paving_stones"
      }
    },
    {
      "type": "Feature",
      "geometry": {
        "type": "LineString",
        "coordinates": [
          [
            -4.2940746,
            55.8721524
          ],
          [
            -4.2936406,
            55.8721454
          ]
        ]
      },
      "properties": {
        "segment_id": "s437",
        "from": "n272",
        "to": "n402",
        "length_m": 27,
        "highway": "service",
        "osm_hint": ""
      }
    }
  ]
}